{
  "pools": [
    {
      "rolls": 3,
      "entries": [
        {
          "type": "minecraft:item",
          "weight": 1,
          "name": "minecraft:iron_block",
          "functions": [
            {
              "function": "minecraft:set_count",
              "count": {
                "min": 3,
                "max": 8
              }
            }
          ]
        },
        {
          "type": "minecraft:loot_table",
          "weight": 1,
          "value": "expansion:items/steel/steel_ingot",
          "functions": [
            {
              "function": "minecraft:set_count",
              "count": {
                "min": 10,
                "max": 20
              }
            }
          ]
        },
        {
          "type": "minecraft:item",
          "weight": 4,
          "name": "minecraft:bucket",
          "functions": [
            {
              "function": "minecraft:set_count",
              "count": {
                "min": 3,
                "max": 5
              }
            }
          ]
        },
        {
          "type": "minecraft:item",
          "weight": 1,
          "name": "minecraft:diamond_pickaxe",
          "functions": [
            {
              "function": "minecraft:enchant_with_levels",
              "levels": {
                "min": 20,
                "max": 39,
                "type": "minecraft:uniform"
              }
            }
          ]
        },
        {
          "type": "minecraft:item",
          "weight": 1,
          "name": "minecraft:diamond_sword",
          "functions": [
            {
              "function": "minecraft:enchant_with_levels",
              "levels": {
                "min": 20,
                "max": 39,
                "type": "minecraft:uniform"
              }
            }
          ]
        },
        {
          "type": "minecraft:item",
          "weight": 1,
          "name": "minecraft:diamond_axe",
          "functions": [
            {
              "function": "minecraft:enchant_with_levels",
              "levels": {
                "min": 20,
                "max": 39,
                "type": "minecraft:uniform"
              }
            }
          ]
        },
        {
          "type": "minecraft:item",
          "weight": 1,
          "name": "minecraft:iron_boots",
          "functions": [
            {
              "function": "minecraft:enchant_with_levels",
              "levels": {
                "min": 20,
                "max": 39,
                "type": "minecraft:uniform"
              }
            }
          ]
        },
        {
          "type": "minecraft:item",
          "weight": 1,
          "name": "minecraft:iron_helmet",
          "functions": [
            {
              "function": "minecraft:enchant_with_levels",
              "levels": {
                "min": 20,
                "max": 39,
                "type": "minecraft:uniform"
              }
            }
          ]
        },
        {
          "type": "minecraft:item",
          "weight": 1,
          "name": "minecraft:iron_chestplate",
          "functions": [
            {
              "function": "minecraft:enchant_with_levels",
              "levels": {
                "min": 20,
                "max": 39,
                "type": "minecraft:uniform"
              }
            }
          ]
        },
        {
          "type": "minecraft:item",
          "weight": 1,
          "name": "minecraft:iron_leggings",
          "functions": [
            {
              "function": "minecraft:enchant_with_levels",
              "levels": {
                "min": 20,
                "max": 39,
                "type": "minecraft:uniform"
              }
            }
          ]
        }
      ]
    },
    {
      "rolls": 7,
      "entries": [
        {
          "type": "minecraft:item",
          "weight": 1,
          "name": "minecraft:redstone_ore",
          "functions": [
            {
              "function": "minecraft:set_count",
              "count": {
                "min": 20,
                "max": 30
              }
            }
          ]
        },
        {
          "type": "minecraft:item",
          "weight": 1,
          "name": "minecraft:red_sand",
          "functions": [
            {
              "function": "minecraft:set_count",
              "count": {
                "min": 20,
                "max": 30
              }
            }
          ]
        },
        {
          "type": "minecraft:item",
          "weight": 1,
          "name": "minecraft:smooth_red_sandstone",
          "functions": [
            {
              "function": "minecraft:set_count",
              "count": {
                "min": 20,
                "max": 30
              }
            }
          ]
        },
        {
          "type": "minecraft:item",
          "weight": 1,
          "name": "minecraft:iron_ore",
          "functions": [
            {
              "function": "minecraft:set_count",
              "count": {
                "min": 20,
                "max": 30
              }
            }
          ]
        },
        {
          "type": "minecraft:item",
          "weight": 1,
          "name": "minecraft:blackstone",
          "functions": [
            {
              "function": "minecraft:set_count",
              "count": {
                "min": 20,
                "max": 30
              }
            }
          ]
        },
        {
          "type": "minecraft:item",
          "weight": 1,
          "name": "minecraft:stone",
          "functions": [
            {
              "function": "minecraft:set_count",
              "count": {
                "min": 20,
                "max": 30
              }
            }
          ]
        },
        {
          "type": "minecraft:item",
          "weight": 1,
          "name": "minecraft:redstone",
          "functions": [
            {
              "function": "minecraft:set_count",
              "count": {
                "min": 20,
                "max": 30
              }
            }
          ]
        },
        {
          "type": "minecraft:item",
          "weight": 1,
          "name": "minecraft:andesite",
          "functions": [
            {
              "function": "minecraft:set_count",
              "count": {
                "min": 20,
                "max": 30
              }
            }
          ]
        },
        {
          "type": "minecraft:item",
          "weight": 1,
          "name": "minecraft:polished_andesite",
          "functions": [
            {
              "function": "minecraft:set_count",
              "count": {
                "min": 20,
                "max": 30
              }
            }
          ]
        },
        {
          "type": "minecraft:item",
          "weight": 1,
          "name": "minecraft:smooth_stone",
          "functions": [
            {
              "function": "minecraft:set_count",
              "count": {
                "min": 20,
                "max": 30
              }
            }
          ]
        },
        {
          "type": "minecraft:item",
          "weight": 1,
          "name": "minecraft:dark_prismarine",
          "functions": [
            {
              "function": "minecraft:set_count",
              "count": {
                "min": 20,
                "max": 30
              }
            }
          ]
        },
        {
          "type": "minecraft:item",
          "weight": 1,
          "name": "minecraft:end_rod",
          "functions": [
            {
              "function": "minecraft:set_count",
              "count": {
                "min": 5,
                "max": 10
              }
            }
          ]
        },
        {
          "type": "minecraft:item",
          "weight": 1,
          "name": "minecraft:cyan_terracotta",
          "functions": [
            {
              "function": "minecraft:set_count",
              "count": {
                "min": 5,
                "max": 10
              }
            }
          ]
        },
        {
          "type": "minecraft:item",
          "weight": 1,
          "name": "minecraft:black_stained_glass",
          "functions": [
            {
              "function": "minecraft:set_count",
              "count": {
                "min": 5,
                "max": 10
              }
            }
          ]
        }
      ]
    }
  ]
}
