{
  "pools": [
    {
      "rolls": 1,
      "entries": [
        {
          "type": "minecraft:loot_table",
          "weight": 3,
          "value": "expansion:armor/nasa/random"
        },
        {
          "type": "minecraft:loot_table",
          "weight": 1,
          "value": "expansion:tools/oxygen_tanks/tier1/random"
        },
        {
          "type": "minecraft:loot_table",
          "weight": 1,
          "value": "expansion:tools/oxygen_tanks/tier2/random"
        }
      ]
    }
  ]
}