{
    "pools": [
      {
        "rolls": 1,
        "entries": [
          {
            "type": "minecraft:item",
            "name": "minecraft:jigsaw",
            "functions": [
              {
                "function": "minecraft:set_name",
                "name": {
                  "translate": "exp_items_speedmod_name",
                  "italic": false
                },
                "entity": "this"
              },
              {
                "function": "minecraft:set_components",
                    "components": {
                      "item_model": "expansion:modules/vehicle",
                      "custom_model_data": {
                        "strings": ["speed"],
                        "floats": [1]
                      },
                    "minecraft:max_stack_size": 64,
                    "!minecraft:max_damage": {},
                    "minecraft:unbreakable": {
                        "show_in_tooltip": false
                        }
                    }
              },
              {
                "function": "minecraft:set_custom_data",
                "tag": "{spaceship_mod:1b,buggy_mod:1b,mech_mod:1b,speed_mod:1b,mk:1b,value:12b,crafting_count:1,max_stack_size:64}"
              },
              {
                "function": "minecraft:set_lore",
          "mode": "replace_all",
                "lore": [
                  {
                    "translate": "exp_items_applyupgrade_tip"
                  },
                  {
                    "text": ""
                  },
                  {
                    "translate": "exp_items_modspecs_tip"
                  },
                  {
                    "translate": "exp_items_mk1_name"
                  },
                  {
                    "translate": "exp_items_speedmodmk1_tip1"
                  }
                ]
              }
            ]
          }
        ]
      }
    ]
  }
  