{
    "pools": [
      {
        "rolls": 1,
        "entries": [
          {
            "type": "minecraft:item",
            "name": "minecraft:carrot_on_a_stick",
            "functions": [
              {
                "function": "minecraft:set_name",
                "name": {
                  "translate": "exp_cntrp_assembler_name",
                  "italic": false
                },
                "entity": "this"
              },
              {
                "function": "minecraft:set_custom_model_data",
                "value": 1012050
              },
              {
                "function": "minecraft:set_components",
                    "components": {
                    "!minecraft:max_damage": {},
                    "minecraft:unbreakable": {
                        "show_in_tooltip": false
                        }
                    }
              },
              {
                "function": "minecraft:set_lore",
                "mode": "replace_all",
                "lore": [
                  {
                    "translate": "exp_lore_tooltips"
                  },
                  {
                    "translate": "exp_blocks_assembler_tip1"
                  }
                ]
              },
              {
                "function": "minecraft:set_custom_data",
                "tag": "{Unbreakable:1b,assembler_placer:1b,exp_block:1b,expansion_coas:1b}"
              }
            ]
          }
        ]
      }
    ]
  }
  