{
    "pools": [
      {
        "rolls": 1,
        "entries": [
          {
            "type": "minecraft:item",
            "name": "minecraft:poisonous_potato",
            "functions": [
              {
                "function": "minecraft:set_name",
                "entity": "this",
                "name": {
                  "translate": "exp_suit_diver_leggings",
                  "italic": false
                }
              },
              {
                "function": "minecraft:set_components",
                "components": {
                  "!minecraft:consumable": {},
                  "!minecraft:food": {},
                  "minecraft:item_model": "expansion:armor/diver/leggings",
                  "minecraft:max_stack_size": 1,
                  "minecraft:max_damage": 1000,
                  "minecraft:damage": 0,
                  "minecraft:equippable": {
                    "slot": "legs",
                    "asset_id": "expansion:diver",
                    "equip_sound": "minecraft:intentionally_empty",
                    "swappable": false
                  }
                }
              },
              {
                "function": "minecraft:set_attributes",
                "modifiers": [
                  {
                    "attribute": "minecraft:armor",
                    "id": "exp.legs_armor",
                    "amount": 3,
                    "operation": "add_value",
                    "slot": "legs"
                  },
                  {
                    "attribute": "minecraft:movement_speed",
                    "id": "exp.movement_speed",
                    "amount": 0,
                    "operation": "add_multiplied_base",
                    "slot": "legs"
                  }
                ]
              },
              {
                "function": "minecraft:set_custom_data",
                "tag": "{exp_item:{name:\"diver_leggings\",crafting_count:1,max_stack_size:1},exp_armor:{Slot:101b,equipped:0b,set_name:\"diver\"},exp.enhanceable:1b,heat_resist:{base:1,modifier:0,total:1},cold_resist:{base:1,modifier:0,total:1},armor:{base:3.0,add_value:0.0d},speed:{base:0.0,add_percent:0.0},max_damage:{base:1000,add_percent:0},ModStorage:[{}],exp.enhanceID:101b}"
              },
              {
                "function": "minecraft:set_lore",
                "lore": [
                  {
                    "text": "切",
                    "font": "expansion:module_icons",
                    "color": "white",
                    "italic": false 
                  },
                  {
                    "translate": "exp_modules_lore"
                  },
                  {
                    "text": ""
                  },
                  {
                    "text": ""
                  },
                  {
                    "text": ""
                  },
                  [
                    {
                      "translate": "exp_modules_coldresist_lore"
                    },
                    {
                      "text": "1",
                      "color": "green",
                      "bold": true,
                      "italic": false
                    }
                  ],
                  [
                    {
                      "translate": "exp_modules_heatresist_lore"
                    },
                    {
                      "text": "1",
                      "color": "green",
                      "bold": true,
                      "italic": false
                    }
                  ],
                  {
                    "text": ""
                  }
                ],
                "mode": "replace_all"
              }
            ]
          }
        ]
      }
    ]
  }
  