{
  "pools": [
    {
      "rolls": 1,
      "entries": [
        {
          "type": "minecraft:item",
          "name": "minecraft:carrot_on_a_stick",
          "functions": [
            {
              "function": "minecraft:set_name",
              "name": {
                "translate": "exp_tools_fleetfinder_name",
                "italic": false
              },
              "entity": "this"
            },
            {
              "function": "minecraft:set_components",
                  "components": {
                    "item_model": "expansion:fleet_finder",
                    "minecraft:max_stack_size": 1,
                    "!minecraft:max_damage": {},
                    "minecraft:unbreakable": {
                      "show_in_tooltip": false
                      }
                  }
            },
            {
              "function": "minecraft:set_custom_data",
              "tag": "{Unbreakable:1b,exp_tool:1b,crafting_count:1,max_stack_size:1,fleet_finder:1b,expansion_coas:1b}"
            },
            {
              "function": "minecraft:set_lore",
          "mode": "replace_all",
              "lore": [
                {
                  "translate": "exp_lore_tooltips"
                },
                {
                  "translate": "exp_tools_fleetfinder_tip1"
                },
                {
                  "translate": "exp_tools_fleetfinder_tip2"
                }
              ]
            }
          ]
        }
      ]
    }
  ]
}
