{
  "pools": [
    {
      "rolls": 1,
      "entries": [
        {
          "type": "minecraft:item",
          "name": "minecraft:carrot_on_a_stick",
          "functions": [
            {
              "function": "minecraft:set_name",
              "name": {
                "translate": "exp_tools_pocketspace_name",
                "italic": false
              },
              "entity": "this"
            },
            {
              "function": "minecraft:set_components",
                  "components": {
                    "item_model": "expansion:pocket_space",
                    "minecraft:max_stack_size": 1,
                  "!minecraft:max_damage": {},
                  "minecraft:unbreakable": {
                      "show_in_tooltip": false
                      }
                  }
            },
            {
              "function": "minecraft:set_custom_data",
              "tag": "{Unbreakable:1b,exp_block:1b,crafting_count:1,max_stack_size:1,pocket_space:1b,room_id:-1,expansion_coas:1b}"
            },
            {
              "function": "minecraft:set_lore",
          "mode": "replace_all",
              "lore": [
                {
                  "translate": "exp_tools_pocketspace_unassigned"
                },
                {
                  "text": ""
                },
                {
                  "translate": "exp_lore_tooltips"
                },
                {
                  "translate": "exp_tools_pocketspace_tip1"
                },
                {
                  "translate": "exp_tools_pocketspace_tip2"
                },
                {
                  "translate": "exp_tools_pocketspace_tip3"
                },
                {
                  "translate": "exp_tools_pocketspace_tip4"
                }
              ]
            }
          ]
        }
      ]
    }
  ]
}
