{
    "pools": [
      {
        "rolls": 1,
        "entries": [
          {
            "type": "minecraft:item",
            "name": "minecraft:jigsaw",
            "functions": [
              {
                "function": "minecraft:set_name",
                "name": {
                  "translate": "exp_items_gatlingblast_name",
                  "italic": false
                },
                "entity": "this"
              },
              {
                "function": "minecraft:set_components",
                    "components": {
                      "item_model": "expansion:modules/vehicle",
                      "custom_model_data": {
                        "strings": ["blaster"],
                        "floats": [3]
                      },
                    "minecraft:max_stack_size": 64,
                    "!minecraft:max_damage": {},
                    "minecraft:unbreakable": {
                        "show_in_tooltip": false
                        }
                    }
              },
              {
                "function": "minecraft:set_custom_data",
                "tag": "{exp_item:{name:\"spaceship_gatling_blast\",crafting_count:1,max_stack_size:64},spaceship_mod:1b,blaster_mod:1b,id:2b}"
              },
              {
                "function": "minecraft:set_lore",
          "mode": "replace_all",
                "lore": [
                  {
                    "translate": "exp_items_applyupgrade_tip"
                  },
                  {
                    "text": ""
                  },
                  {
                    "translate": "exp_items_modspecs_tip"
                  },
                  {
                    "translate": "exp_items_gatlingblast_tip1"
                  },
                  {
                    "translate": "exp_items_gatlingblast_tip2"
                  },
                  {
                    "translate": "exp_items_gatlingblast_tip3"
                  },
                  {
                    "translate": "exp_items_gatlingblast_tip4"
                  }
                ]
              }
            ]
          }
        ]
      }
    ]
  }
  