{
  "pools": [
    {
      "rolls": 1,
      "entries": [
        {
          "type": "minecraft:item",
          "name": "minecraft:potion",
          "functions": [
            {
              "function": "minecraft:set_name",
              "name": {
                "translate": "exp_fuel_lacrymae_name",
                "italic": false
              }
            },
            {
              "function": "minecraft:set_custom_data",

              "tag": "{exp_item:{name:\"lacrymae\",crafting_count:1,max_stack_size:1},from_extractor:1b}"
            },
            {
              "function": "minecraft:set_components",
              "components": {
                "minecraft:potion_contents": {
                  "potion": "minecraft:awkward",
                  "custom_color": 6160481,
                  "custom_effects": [
                    {
                      "id": "minecraft:instant_damage",
                      "amplifier": 4,
                      "duration": 1,
                      "ambient": false,
                      "show_particles": false,
                      "show_icon": false
                    },
                    {
                      "id": "minecraft:nausea",
                      "amplifier": 4,
                      "duration": 600,
                      "ambient": false,
                      "show_particles": false,
                      "show_icon": false
                    },
                    {
                      "id": "minecraft:poison",
                      "amplifier": 4,
                      "duration": 600,
                      "ambient": false,
                      "show_particles": false,
                      "show_icon": false
                    },
                    {
                      "id": "minecraft:glowing",
                      "amplifier": 4,
                      "duration": 600,
                      "ambient": false,
                      "show_particles": false,
                      "show_icon": false
                    },
                    {
                      "id": "minecraft:speed",
                      "amplifier": 4,
                      "duration": 100,
                      "ambient": false,
                      "show_particles": false,
                      "show_icon": false
                    },
                    {
                      "id": "minecraft:haste",
                      "amplifier": 4,
                      "duration": 100,
                      "ambient": false,
                      "show_particles": false,
                      "show_icon": false
                    },
                    {
                      "id": "minecraft:strength",
                      "amplifier": 4,
                      "duration": 100,
                      "ambient": false,
                      "show_particles": false,
                      "show_icon": false
                    }
                  ]
                }
              }
            },
            {
              "function": "minecraft:set_lore",
              "mode": "replace_all",
              "lore": [
                {
                  "translate": "exp_lore_tooltips"
                },
                {
                  "translate": "exp_fuel_lacrymae_tip1"
                },
                {
                  "translate": "exp_fuel_lacrymae_tip2"
                }
              ]
            }
          ]
        }
      ]
    }
  ]
}
