{
  "pools": [
    {
      "rolls": 1,
      "entries": [
        {
          "type": "minecraft:item",
          "name": "minecraft:jigsaw",
          "functions": [
            {
              "function": "minecraft:set_name",
              "name": {
                "translate": "exp_items_shipcockpit_name",
                "italic": false
              },
              "entity": "this"
            },
            {
              "function": "minecraft:set_components",
                  "components": {
                    "item_model": "expansion:crafting/spaceship_parts/cockpit",
                    "minecraft:max_stack_size": 64,
                    "!minecraft:max_damage": {},
                  "minecraft:unbreakable": {
                      "show_in_tooltip": false
                      }
                  }
            },
            {
              "function": "minecraft:set_custom_data",
              "tag": "{spaceship_cockpit:1b,crafting_count:1,max_stack_size:64}"
            }
          ]
        }
      ]
    }
  ]
}
