{
    "pools": [
      {
        "rolls": 1,
        "entries": [
          {
            "type": "minecraft:loot_table",
            "weight": 20,
            "value": "expansion:items/modules/armor/mk2/random"
          },
          {
            "type": "minecraft:loot_table",
            "weight": 20,
            "value": "expansion:items/modules/cold_resist/mk2/random"
          },
          {
            "type": "minecraft:loot_table",
            "weight": 20,
            "value": "expansion:items/modules/durability/mk2/random"
          },
          {
            "type": "minecraft:loot_table",
            "weight": 20,
            "value": "expansion:items/modules/heat_resist/mk2/random"
          },
          {
            "type": "minecraft:loot_table",
            "weight": 20,
            "value": "expansion:items/modules/speed/mk2/random"
          },
          {
            "type": "minecraft:loot_table",
            "weight": 10,
            "value": "expansion:items/modules/slot"
          }
        ]
      }
    ]
  }