{
    "parent": "expansion:progression/get_assembler",
    "display": {
        "title": {
            "translate": "exp_advancement_getterraformer_title"
        },
        "description": {
            "translate": "exp_advancement_getterraformer_desc"
        },
        "icon": {
          "id": "minecraft:carrot_on_a_stick",
          "components": {
            "item_model": "expansion:blocks/terraformer"
          }
        },
        "frame": "challenge",
        "show_toast": true,
        "announce_to_chat": true,
        "hidden": false
    },
    "criteria": {
        "expansion:get_terraformer": {
            "trigger": "minecraft:inventory_changed",
            "conditions": {
                "items": [
                    {
                        "items": [
                            "minecraft:carrot_on_a_stick"
                        ],
                        "predicates": {
                            "minecraft:custom_data": "{terraformer:1b}"
                        }
                    }
                ]
            }
        }
    },
    "requirements": [
        [
            "expansion:get_terraformer"
        ]
    ]
}
