{
    "parent": "expansion:progression/jupiter_station",
    "display": {
        "title": {
            "translate": "exp_advancement_pocketspace_title"
        },
        "description": {
            "translate": "exp_advancement_pocketspace_desc"
        },
        "icon": {
          "id": "minecraft:carrot_on_a_stick",
          "components": {
            "item_model": "expansion:pocket_space"
          }
        },
        "frame": "challenge",
        "show_toast": true,
        "announce_to_chat": true,
        "hidden": false
    },
    "criteria": {
        "expansion:goto_storage": {
            "trigger": "minecraft:location",
            "conditions": {
                "player": {
                    "location": {
                        "dimension": "expansion:storage"
                    }
                }
            }
        }
    },
    "requirements": [
        [
            "expansion:goto_storage"
        ]
    ]
}
