{
  "parent": "expansion:progression/get_planetarium",
  "display": {
    "title": {
      "translate": "exp_advancement_space_title"
    },
    "description": {
      "translate": "exp_advancement_space_desc"
    },
    "icon": {
      "id": "minecraft:player_head",
      "components": {
        "minecraft:profile": {
          "id": [
            1404869057,
            1763894256,
            -907272424,
            -471909012
          ],
          "properties": [
            {
              "name": "textures",
              "value": "eyJ0ZXh0dXJlcyI6eyJTS0lOIjp7InVybCI6Imh0dHA6Ly90ZXh0dXJlcy5taW5lY3JhZnQubmV0L3RleHR1cmUvOWQzZDI1MGUyNWJiY2EzYTYyYmU1YjNlZjAyY2ZjYWI2ZGNkYzQyNDg4NGM5YTdkNWNjOTVjOWQwIn19fQ"
            }
          ]
        }
      }
    },
    "frame": "task",
    "show_toast": true,
    "announce_to_chat": true,
    "hidden": false
  },
  "criteria": {
    "expansion:goto_space": {
      "trigger": "minecraft:location",
      "conditions": {
        "player": {
          "nbt": "{Tags:[\"exp.inside_spaceship\"]}",
          "location": {
            "dimension": "expansion:space"
          }
        }
      }
    }
  },
  "requirements": [
    [
      "expansion:goto_space"
    ]
  ]
}
