{
  "parent": "expansion:progression/marsbase",
  "display": {
    "title": {
      "translate": "exp_advancement_gatewaydebris_title"
    },
    "description": {
      "translate": "exp_advancement_gatewaydebris_desc"
    },
    "icon": {
      "id": "minecraft:ancient_debris"
    },
    "frame": "challenge",
    "show_toast": true,
    "announce_to_chat": false,
    "hidden": true
  },
  "criteria": {
    "expansion:inside_gateway": {
      "trigger": "minecraft:enter_block",
      "conditions": {
        "block": "minecraft:end_gateway"
      }
    },
    "expansion:inside_warbase": {
      "trigger": "minecraft:location",
      "conditions": {
        "player": {
          "location": {
            "structures": "expansion:mars/warbase",
            "dimension": "expansion:mars"
          }
        }
      }
    }
  },
  "requirements": [
    [
      "expansion:inside_gateway",
      "expansion:inside_warbase"
    ]
  ]
}