[
    {
      "function": "minecraft:copy_custom_data",
      "source": "this",
      "ops": [
        {
          "source": "Inventory[{Slot:100b}]",
          "target": "ArmorStorage.boots",
          "op": "append"
        },
        {
          "source": "Inventory[{Slot:101b}]",
          "target": "ArmorStorage.leggings",
          "op": "append"
        },
        {
          "source": "Inventory[{Slot:102b}]",
          "target": "ArmorStorage.chestplate",
          "op": "append"
        }
      ]
    },
    {
      "function": "minecraft:copy_custom_data",
      "source": {
        "type": "minecraft:storage",
        "source": "exp:store_equipment"
      },
      "ops": [
        {
          "source": "data.Equipment",
          "target": "ArmorStorage.helmet",
          "op": "append"
        }
      ]
    }
  ]
  