{
    "parent": "expansion:progression/moon",
    "display": {
        "title": {
            "translate": "exp_advancement_earthcrash_title"
        },
        "description": {
            "translate": "exp_advancement_earthcrash_desc"
        },
        "icon": {
          "id": "minecraft:carrot_on_a_stick",
          "components": {
            "item_model": "expansion:vehicles/return_capsule"
          }
        },
        "frame": "task",
        "show_toast": true,
        "announce_to_chat": true,
        "hidden": false
    },
    "criteria": {
        "expansion:earth_crash": {
            "trigger": "minecraft:changed_dimension",
            "conditions": {
                "from": "expansion:moon",
                "to": "minecraft:overworld"
            }
        }
    },
    "requirements": [
        [
            "expansion:earth_crash"
        ]
    ]
}
