{
    "parent": "expansion:progression/moon",
    "display": {
        "title": {
            "translate": "exp_advancement_gettitanium_title"
        },
        "description": {
            "translate": "exp_advancement_gettitanium_desc"
        },
        "icon": {
          "id": "minecraft:purpur_slab",
          "components": {
            "item_model": "expansion:blocks/titanium_ore"
          }
        },
        "frame": "task",
        "show_toast": true,
        "announce_to_chat": false,
        "hidden": false
    },
    "criteria": {
        "expansion:get_titanium": {
            "trigger": "minecraft:inventory_changed",
            "conditions": {
                "items": [
                    {
                        "items": [
                            "minecraft:jigsaw"
                        ],
                        "predicates": {
                            "minecraft:custom_data": "{raw_titanium:1b}"
                        }
                    }
                ]
            }
        }
    },
    "requirements": [
        [
            "expansion:get_titanium"
        ]
    ]
}
