{
    "parent": "expansion:progression/space",
    "display": {
        "title": {
            "translate": "exp_advancement_venus_title"
        },
        "description": {
            "translate": "exp_advancement_venus_desc"
        },
        "icon": {
            "id": "minecraft:player_head",
            "components": {
                "minecraft:profile": {
                  "id": [
                    -1264346548,
                    -236565845,
                    -1805961568,
                    -2023379790
                  ],
                  "properties": [
                    {
                      "name": "textures",
                      "value": "eyJ0ZXh0dXJlcyI6eyJTS0lOIjp7InVybCI6Imh0dHA6Ly90ZXh0dXJlcy5taW5lY3JhZnQubmV0L3RleHR1cmUvMGVmMTQ3ZGRjOTA4ZTY4MjVjMjI5OTk3YWE1Mjk3NjFmNTE2OTFhMTFjOTU1MTI5YTIzMzYzMmQ1NTQ4NzVlIn19fQ"
                    }
                  ]
                }
              }
        },
        "frame": "task",
        "show_toast": true,
        "announce_to_chat": true,
        "hidden": false
    },
    "criteria": {
        "expansion:goto_venus": {
            "trigger": "minecraft:location",
            "conditions": {
                "player": {
                    "location": {
                        "dimension": "expansion:venus"
                    }
                }
            }
        }
    },
    "requirements": [
        [
            "expansion:goto_venus"
        ]
    ]
}
