{
  "parent": "expansion:progression/get_vulcanium",
  "display": {
    "title": {
      "translate": "exp_advancement_warmingmod_title"
    },
    "description": {
      "translate": "exp_advancement_warmingmod_desc"
    },
    "icon": {
          "id": "minecraft:jigsaw",
          "components": {
            "item_model": "expansion:modules/equipment",
            "custom_model_data": {
              "strings": [
                "warming"
              ]
            }
          }
    },
    "frame": "goal",
    "show_toast": true,
    "announce_to_chat": false,
    "hidden": false
  },
  "criteria": {
    "expansion:warming_module": {
      "trigger": "minecraft:inventory_changed",
      "conditions": {
        "player": {
          "location": {
            "dimension": "expansion:venus",
            "structures": "expansion:venus/rover"
          }
        },
        "items": [
          {
            "items": [
              "minecraft:jigsaw"
            ],
            "predicates": {
              "minecraft:custom_data": "{warming_module:1b}"
            }
          }
        ]
      }
    }
  },
  "requirements": [
    [
      "expansion:warming_module"
    ]
  ]
}
