[
  {
    "function": "minecraft:set_lore",
    "entity": "this",
    "lore": [
      [
        [
          {
            "translate": "exp_tools_oxygentank_pressure"
          },
          {
            "score": {
              "name": "#temp",
              "objective": "exp.oxygen_percent"
            },
            "color": "aqua",
            "bold": true
          },
          {
            "text": "%",
            "color": "aqua",
            "bold": true
          }
        ]
      ]
    ],
    "mode": "replace_section",
    "offset": 1,
    "size": 1
  }
]
