{
  "parent": "expansion:progression/jupiter",
  "display": {
    "title": {
      "translate": "exp_advancement_jupiterstation_title"
    },
    "description": {
      "translate": "exp_advancement_jupiterstation_desc"
    },
    "icon": {
          "id": "minecraft:carrot_on_a_stick",
          "components": {
            "minecraft:custom_model_data": 1012205
          }
    },
    "frame": "task",
    "show_toast": true,
    "announce_to_chat": false,
    "hidden": false
  },
  "criteria": {
    "expansion:find_small_ship": {
      "trigger": "minecraft:player_generates_container_loot",
      "conditions": {
        "loot_table": "expansion:chests/jupiter/small_ship/cockpit"
      }
    },
    "expansion:find_wants": {
      "trigger": "minecraft:player_generates_container_loot",
      "conditions": {
        "loot_table": "expansion:chests/jupiter/wants/cockpit"
      }
    },
    "expansion:find_walvis": {
      "trigger": "minecraft:player_generates_container_loot",
      "conditions": {
        "loot_table": "expansion:chests/jupiter/walvis/cockpit"
      }
    }
  },
  "requirements": [
    [
      "expansion:find_small_ship",
      "expansion:find_wants",
      "expansion:find_walvis"
    ]
  ]
}
