{
  "pools": [
    {
      "rolls": 1,
      "entries": [
        {
          "type": "minecraft:item",
          "name": "minecraft:jigsaw",
          "functions": [
            {
              "function": "minecraft:set_name",
              "name": {
                "translate": "exp_blocks_guitip_info",
                "italic": false
              },
              "entity": "this"
            },
            {
              "function": "minecraft:set_components",
              "components": 
              {
                "item_model": "expansion:empty"
              }
            },
            {
              "function": "minecraft:set_custom_data",
              "tag": "{gui_item:1b,gui_button:0b}"
            },
            {
              "function": "minecraft:set_lore",
              "mode": "replace_all",
              "lore": [
                {
                  "translate":"exp_blocks_modstation_shipguitip1"
                },
                {
                  "translate":"exp_blocks_modstation_shipguitip2"
                },
                {
                  "translate":"exp_blocks_modstation_shipguitip3"
                },
                {
                  "translate":"exp_blocks_modstation_shipguitip4"
                },
                {
                  "translate":"exp_blocks_modstation_shipguitip5"
                },
                {
                  "translate":"exp_blocks_modstation_shipguitip6"
                }
              ]
            }
          ]
        }
      ]
    }
  ]
}
  