{
    "condition": "minecraft:value_check",
    "value": {
      "type": "minecraft:score",
      "target": "this",
      "score": "exp.unique_id"
    },
    "range": {
      "min": {
        "type": "minecraft:score",
        "target": {
          "type": "minecraft:fixed",
          "name": "#modstation"
        },
        "score": "exp.unique_id"
      },
      "max": {
        "type": "minecraft:score",
        "target": {
          "type": "minecraft:fixed",
          "name": "#modstation"
        },
        "score": "exp.unique_id"
      }
    }
  }