{
    "pools": [
      {
        "rolls": 1,
        "entries": [
          {
            "type": "minecraft:item",
            "name": "minecraft:jigsaw",
            "functions": [
              {
                "function": "minecraft:set_name",
                "name": {
                  "translate": "exp_items_blaster_name",
                  "italic": false
                },
                "entity": "this"
              },
              {
                "function": "minecraft:set_components",
                    "components": {
                    "minecraft:max_stack_size": 64,
                    "!minecraft:max_damage": {},
                    "minecraft:unbreakable": {
                        "show_in_tooltip": false
                        }
                    }
              },
              {
                "function": "minecraft:set_custom_data",
                "tag": "{exp_item:{name:\"mech_blaster\",crafting_count:1,max_stack_size:64},mech_mod:1b,hand_mod:1b,blaster:1b,ammo:0,max_ammo:200}"
              },
              {
                "function": "minecraft:set_lore",
                "mode": "replace_all",
                "lore": [
                  {
                    "translate": "exp_items_applyupgrade_tip"
                  },
                  {
                    "text": ""
                  },
                  {
                    "translate": "exp_items_modspecs_tip"
                  },
                  {
                    "translate": "exp_items_diggingblast_tip1"
                  },
                  {
                    "translate": "exp_items_diggingblast_tip2"
                  },
                  {
                    "translate": "exp_items_diggingblast_tip3"
                  },
                  {
                    "translate": "exp_items_diggingblast_tip4"
                  }
                ]
              }
            ]
          }
        ]
      }
    ]
  }
  