{
    "pools": [
      {
        "rolls": 1,
        "entries": [
          {
            "type": "minecraft:loot_table",
            "weight": 1,
            "value": "expansion:armor/golem/helmet"
          },
          {
            "type": "minecraft:loot_table",
            "weight": 1,
            "value": "expansion:armor/golem/chestplate"
          },
          {
            "type": "minecraft:loot_table",
            "weight": 1,
            "value": "expansion:armor/golem/leggings"
          },
          {
            "type": "minecraft:loot_table",
            "weight": 1,
            "value": "expansion:armor/golem/boots"
          }
        ]
      }
    ]
}