{
  "pools": [
    {
      "rolls": 1,
      "entries": [
        {
          "type": "minecraft:item",
          "name": "minecraft:iron_boots",
          "functions": [
            {
              "function": "minecraft:set_name",
              "name": {
                "translate": "exp_armor_magnboots_name",
                "italic": false
              },
              "entity": "this"
            },
            {
              "function": "minecraft:set_custom_model_data",
              "value": 1012000
            },
            {
              "function": "minecraft:set_components",
                  "components": {
                  "!minecraft:max_damage": {},
                  "minecraft:unbreakable": {
                      "show_in_tooltip": false
                      }
                  }
            },
            {
              "function": "minecraft:set_custom_data",
              "tag": "{magnetic_boots:1b}"
            },
            {
              "function": "minecraft:set_lore",
          "mode": "replace_all",
              "lore": [
                {
                  "translate": "exp_lore_tooltips"
                },
                {
                  "translate": "exp_armor_magnboots_tip1"
                }
              ]
            }
          ]
        }
      ]
    }
  ]
}
