{
  "parent": "expansion:progression/get_cryonite",
  "display": {
    "title": {
      "translate": "exp_advancement_coolingmod_title"
    },
    "description": {
      "translate": "exp_advancement_coolingmod_desc"
    },
    "icon": {
          "id": "minecraft:jigsaw",
          "components": {
            "item_model": "expansion:modules/equipment",
            "custom_model_data": {
              "strings": [
                "cooling"
              ]
            }
          }
    },
    "frame": "goal",
    "show_toast": true,
    "announce_to_chat": false,
    "hidden": false
  },
  "criteria": {
    "expansion:cooling_module": {
      "trigger": "minecraft:inventory_changed",
      "conditions": {
        "player": {
          "location": {
            "dimension": "expansion:mars",
            "structures": "expansion:mars/cannon"
          }
        },
        "items": [
          {
            "items": [
              "minecraft:jigsaw"
            ],
            "predicates": {
              "minecraft:custom_data":{
                "exp_item":{
                  "name":"heat_resist_module"
                }
              }
            }
          }
        ]
      }
    }
  },
  "requirements": [
    [
      "expansion:cooling_module"
    ]
  ]
}
