{
    "parent": "expansion:progression/root",
    "display": {
        "title": {
            "translate": "exp_advancement_getguide_title"
        },
        "description": {
            "translate": "exp_advancement_getguide_desc"
        },
        "icon": {
            "id": "minecraft:written_book"
        },
        "frame": "task",
        "show_toast": true,
        "announce_to_chat": false,
        "hidden": false
    },
    "criteria": {
        "expansion:get_guide1": {
            "trigger": "minecraft:inventory_changed",
            "conditions": {
                "items": [
                    {
                        "items": [
                            "minecraft:written_book"
                        ],
                        "predicates": {
                            "minecraft:custom_data": "{exp_guide1:1b}"
                        }
                    }
                ]
            }
        }
    },
    "requirements": [
        [
            "expansion:get_guide1"
        ]
    ]
}
