{
    "parent": "expansion:progression/get_assembler",
    "display": {
        "title": {
            "translate": "exp_advancement_getrailgun_title"
        },
        "description": {
            "translate": "exp_advancement_getrailgun_desc"
        },
        "icon": {
          "id": "minecraft:carrot_on_a_stick",
          "components": {
            "item_model": "expansion:railgun"
          }
        },
        "frame": "task",
        "show_toast": true,
        "announce_to_chat": false,
        "hidden": false
    },
    "criteria": {
        "expansion:get_railgun": {
            "trigger": "minecraft:inventory_changed",
            "conditions": {
                "items": [
                {
                    "items": [
                        "minecraft:carrot_on_a_stick"
                    ],
                    "predicates": {
                        "minecraft:custom_data": "{exp_item:{name:\"railgun\"}}"
                    }
                }
                ]
            }
        }
    },
    "requirements": [
        [
            "expansion:get_railgun"
        ]
    ]
}
