{
    "parent": "expansion:progression/trade_spaceship",
    "display": {
        "title": {
            "translate": "exp_advancement_lacrymae_title"
        },
        "description": {
            "translate": "exp_advancement_lacrymae_desc"
        },
        "icon": {
            "id": "minecraft:potion",
            "components": {
                "minecraft:potion_contents": {
                    "custom_color": 6160481
                }
            }
        },
        "frame": "task",
        "show_toast": true,
        "announce_to_chat": false,
        "hidden": false
    },
    "criteria": {
        "expansion:extract_lacrymae": {
            "trigger": "minecraft:inventory_changed",
            "conditions": {
                "items": [
                    {
                        "items": [
                            "minecraft:potion"
                        ],
                        "predicates": {
                            "minecraft:custom_data": "{from_extractor:1b}"
                        }
                    }
                ]
            }
        }
    },
    "requirements": [
        [
            "expansion:extract_lacrymae"
        ]
    ]
}
