{
  "parent": "expansion:progression/moon",
  "display": {
    "title": {
      "translate": "exp_advancement_mfalcon_title"
    },
    "description": {
      "translate": "exp_advancement_mfalcon_desc"
    },
    "icon": {
      "id": "minecraft:andesite"
    },
    "frame": "task",
    "show_toast": true,
    "announce_to_chat": false,
    "hidden": false
  },
  "criteria": {
    "expansion:find_falcon": {
      "trigger": "minecraft:location",
      "conditions": {
        "player": {
          "location": {
            "dimension": "expansion:moon",
            "structures": "expansion:moon/millennium_falcon"
          }
        }
      }
    }
  },
  "requirements": [
    [
      "expansion:find_falcon"
    ]
  ]
}
