{
    "parent": "expansion:progression/earth_crash",
    "display": {
        "title": {
            "translate": "exp_advancement_recyclecapsule_title"
        },
        "description": {
            "translate": "exp_advancement_recyclecapsule_desc"
        },
        "icon": {
          "id": "minecraft:jigsaw",
          "components": {
            "item_model": "expansion:wrench"
          }
        },
        "frame": "task",
        "show_toast": true,
        "announce_to_chat": false,
        "hidden": false
    },
    "criteria": {
        "expansion:recycle_capsule": {
            "trigger": "minecraft:impossible",
            "conditions": {}
        }
    },
    "requirements": [
        [
            "expansion:recycle_capsule"
        ]
    ]
}
