{
    "parent": "expansion:progression/get_steel",
    "display": {
        "title": {
            "translate": "exp_advancement_getrocket_title"
        },
        "description": {
            "translate": "exp_advancement_getrocket_desc"
        },
        "icon": {
          "id": "minecraft:carrot_on_a_stick",
          "components": {
            "minecraft:custom_model_data": 1012000
          }
        },
        "frame": "task",
        "show_toast": true,
        "announce_to_chat": false,
        "hidden": false
    },
    "criteria": {
        "expansion:get_rocket": {
            "trigger": "minecraft:impossible",
            "conditions": {}
        }
    },
    "requirements": [
        [
            "expansion:get_rocket"
        ]
    ]
}
