{
    "parent": "expansion:progression/space",
    "display": {
        "title": {
            "translate": "exp_advancement_mars_title"
        },
        "description": {
            "translate": "exp_advancement_mars_desc"
        },
        "icon": {
            "id": "minecraft:player_head",
            "components": {
                "minecraft:profile": {
                  "id": [
                    1973206117,
                    -1615312043,
                    -1354591611,
                    1559144542
                  ],
                  "properties": [
                    {
                      "name": "textures",
                      "value": "eyJ0ZXh0dXJlcyI6eyJTS0lOIjp7InVybCI6Imh0dHA6Ly90ZXh0dXJlcy5taW5lY3JhZnQubmV0L3RleHR1cmUvZDM3ODU3ZTE2OWVkMzdiMjQ4OTVjM2ZkZTQyNjJkYWU2ZTg3NDI4NjFlYjczZWRhMTU0M2NiNGMwM2E2N2UzIn19fQ"
                    }
                  ]
                }
              }
        },
        "frame": "task",
        "show_toast": true,
        "announce_to_chat": true,
        "hidden": false
    },
    "criteria": {
        "expansion:goto_mars": {
            "trigger": "minecraft:location",
            "conditions": {
                "player": {
                    "location": {
                        "dimension": "expansion:mars"
                    }
                }
            }
        }
    },
    "requirements": [
        [
            "expansion:goto_mars"
        ]
    ]
}
