{
    "pools": [
      {
        "rolls": 1,
        "entries": [
          {
            "type": "minecraft:item",
            "name": "minecraft:jigsaw",
            "functions": [
              {
                "function": "minecraft:set_name",
                "name": [
                  {
                    "translate": "exp_modules_secondary_reinforced",
                    "color": "white",
                    "italic": false
                  },
                  {
                    "translate": "exp_modules_coldresist_name",
                    "italic": false
                  },
                  {
                    "translate": "exp_modules_mk2"
                  }
                ]
              },
              {
                "function": "minecraft:set_components",
                    "components": {
                      "item_model": "expansion:modules/equipment",
                      "custom_model_data": {
                        "strings": ["warming"],
                        "floats": [2]
                      },
                    "minecraft:max_stack_size": 64,
                    "!minecraft:max_damage": {},
                    "minecraft:unbreakable": {
                        "show_in_tooltip": false
                        }
                    }
              },
              {
                "function": "minecraft:set_custom_data",
                "tag": "{exp_item:{name:\"cold_resist_module\",crafting_count:1,max_stack_size:64},upgrade_module:1b,secondary:\"reinforced\",cold_resist:{modifier:6},heat_resist:{modifier:-2},max_damage:{add_percent:50},speed:{add_percent:-10},allowedIDs:[103,102,101,100],icon:{layer1:\"\ufb02\",layer2:\"\uff40\"}}"
              },
              {
                "function": "minecraft:set_lore",
                "mode": "replace_all",
                "lore": [
                  {
                    "text": ""
                  },
                  {
                    "translate": "exp_modules_ifadded"
                  },
                  [
                    {
                      "translate": "exp_modules_coldresist_lore"
                    },
                    {
                      "text": "+4",
                      "color": "green",
                      "bold": true,
                      "italic": false
                    }
                  ],
                  [
                    {
                      "translate": "exp_modules_heatresist_lore"
                    },
                    {
                      "text": "-6",
                      "color": "red",
                      "bold": true,
                      "italic": false
                    }
                  ]
                ]
              },
              {
                "function": "minecraft:reference",
                "name": "expansion:modules/reinforced_lore"
              },
              {
                "function": "minecraft:reference",
                "name": "expansion:modules/moduletip"
              }
            ]
          }
        ]
      }
    ]
  }
  