{
  "pools": [
    {
      "rolls": 1,
      "entries": [
        {
          "type": "minecraft:item",
          "name": "minecraft:carrot_on_a_stick",
          "functions": [
            {
              "function": "minecraft:set_name",
              "name": {
                "translate": "exp_vehicles_spaceship_name",
                "italic": false
              },
              "entity": "this"
            },
            {
              "function": "minecraft:set_components",
                  "components": {
                    "item_model": "expansion:vehicles/spaceship",
                    "custom_model_data": {
                      "strings": ["spaceship"]
                    },
                    "minecraft:max_stack_size": 1,
                  "!minecraft:max_damage": {},
                  "minecraft:unbreakable": {
                      "show_in_tooltip": false
                      }
                  }
            },
            {
              "function": "minecraft:set_custom_data",
              "tag": "{Unbreakable:1b,exp_vehicle:1b,fuel_lvl:0,exp_spaceship:1b,expansion_coas:1b,onhead:0b}"
            },
            {
              "function": "minecraft:set_lore",
          "mode": "replace_all",
              "lore": [
                {
                  "translate": "exp_lore_tooltips"
                },
                {
                  "translate": "exp_vehicles_spaceship_tip1"
                },
                {
                  "translate": "exp_vehicles_spaceship_tip2"
                },
                {
                  "translate": "exp_vehicles_spaceship_tip3"
                }
              ]
            }
          ]
        }
      ]
    }
  ]
}
