{
    "pools": [
      {
        "rolls": 1,
        "entries": [
          {
            "type": "minecraft:item",
            "name": "minecraft:jigsaw",
            "functions": [
              {
                "function": "minecraft:set_name",
                "name": {
                  "text": "",
                  "italic": false
                },
                "entity": "this"
              },
              {
                "function": "minecraft:set_components",
                "components": 
                {
                  "item_model": "expansion:blocks/fabricator",
                  "custom_model_data": {
                    "strings": [
                      "gui",
                      "loader"
                    ],
                    "floats": [
                      10
                    ]
                  }
                }
              },
              {
                "function": "minecraft:set_custom_data",
                "tag": "{gui_item:1b,gui_button:0b}"
              }
            ]
          }
        ]
      }
    ]
  }
  