{
    "function":"set_lore",
    "entity":"this",
    "lore":
    [
        {
            "storage":"expansion:temp",
            "nbt":"icons",
            "font": "expansion:module_icons",
            "interpret":true,
            "italic":false,
            "separator":{"text":""}
        },
        {
            "translate": "exp_modules_lore"
        },
        {
            "text": ""
        },
        {
            "text": ""
        },
        {
            "text": ""
        },
        [
            {
                "translate": "exp_modules_coldresist_lore"
            },
            {
                "text": "1",
                "color": "green",
                "italic": false
            }
        ],
        [
            {
                "translate": "exp_modules_heatresist_lore"
            },
            {
                "text": "1",
                "color": "green",
                "italic": false
            }
        ]
    ],
    "mode": "replace_all"
  }