{
  "criteria": {
    "requirement": {
      "trigger": "minecraft:player_hurt_entity",
      "conditions": {
        "entity": [
          {
            "condition": "minecraft:entity_properties",
            "entity": "this",
            "predicate": {
              "type": "minecraft:interaction",
              "nbt": "{Tags:[\"exp.extractor.rcdet\"]}"
            }
          }
        ]
      }
    }
  },
  "rewards": {
    "function": "expansion:blocks/lacrymae_extractor/click_options"
  }
}
