{
    "condition": "minecraft:any_of",
    "terms": [
      {
        "condition": "minecraft:reference",
        "name": "expansion:input/forward"
      },
      {
        "condition": "minecraft:reference",
        "name": "expansion:input/backward"
      },
      {
        "condition": "minecraft:reference",
        "name": "expansion:input/left"
      },
      {
        "condition": "minecraft:reference",
        "name": "expansion:input/right"
      },
      {
        "condition": "minecraft:reference",
        "name": "expansion:input/jump"
      }
    ]
  }
  