{
    "pools": [
      {
        "rolls": 1,
        "entries": [
          {
            "type": "minecraft:item",
            "name": "minecraft:jigsaw",
            "functions": [
              {
                "function": "minecraft:set_name",
                "name": [
                  {
                    "translate": "exp_modules_secondary_heated",
                    "color": "white",
                    "italic": false
                  },
                  {
                    "translate": "exp_modules_speed_name",
                    "italic": false
                  },
                  {
                    "translate": "exp_modules_mk3"
                  }
                ]
              },
              {
                "function": "minecraft:set_components",
                    "components": {
                      "item_model": "expansion:modules/equipment",
                      "custom_model_data": {
                        "strings": ["speed"],
                        "floats": [3]
                      },
                    "minecraft:max_stack_size": 64,
                    "!minecraft:max_damage": {},
                    "minecraft:unbreakable": {
                        "show_in_tooltip": false
                        }
                    }
              },
              {
                "function": "minecraft:set_custom_data",
                "tag": "{exp_item:{name:\"speed_module\",crafting_count:1,max_stack_size:64},upgrade_module:1b,secondary:\"heated\",speed:{add_percent:50},cold_resist:{modifier:5},heat_resist:{modifier:-4},allowedIDs:[101],icon:{layer1:\"\ufb03\",layer2:\"\uff43\"}}"
              },
              {
                "function": "minecraft:set_lore",
                "mode": "replace_all",
                "lore": [
                  {
                    "text": ""
                  },
                  {
                    "translate": "exp_modules_ifadded"
                  },
                  [
                    {
                      "translate": "exp_modules_speed_lore"
                    },
                    {
                      "text": "+50%",
                      "color": "green",
                      "bold": true,
                      "italic": false
                    }
                  ]
                ]
              },
              {
                "function": "minecraft:reference",
                "name": "expansion:modules/heated_lore"
              },
              {
                "function": "minecraft:reference",
                "name": "expansion:modules/moduletip"
              },
              {
                "function": "minecraft:reference",
                "name": "expansion:modules/exclusive_leggings"
              }
            ]
          }
        ]
      }
    ]
  }
  