{
  "pools": [
    {
      "rolls": 1,
      "entries": [
        {
          "type": "minecraft:item",
          "name": "minecraft:carrot_on_a_stick",
          "functions": [
            {
              "function": "minecraft:set_name",
              "name": {
                "translate": "exp_vehicles_buggy_name",
                "italic": false
              },
              "entity": "this"
            },
            {
              "function": "minecraft:set_components",
                  "components": {
                    "item_model": "expansion:vehicles/buggy",
                    "minecraft:max_stack_size": 1,
                  "!minecraft:max_damage": {},
                  "minecraft:unbreakable": {
                      "show_in_tooltip": false
                      }
                  }
            },
            {
              "function": "minecraft:set_custom_data",
              "tag": "{moon_buggy:1b,exp_vehicle:1b,fuel_lvl:1,ModStorage:{speed_mod:{},oxygen_tank:{}},expansion_coas:1b}"
            },
            {
              "function": "minecraft:set_lore",
          "mode": "replace_all",
              "lore": [
                {
                  "translate": "exp_lore_tooltips"
                },
                {
                  "translate": "exp_vehicles_buggy_tip1"
                },
                {
                  "translate": "exp_vehicles_buggy_tip2"
                },
                {
                  "translate": "exp_vehicles_buggy_tip3"
                },
                {
                  "translate": "exp_vehicles_buggy_tip4"
                }
              ]
            }
          ]
        }
      ]
    }
  ]
}
