{
    "pools": [
      {
        "rolls": 1,
        "entries": [
          {
            "type": "minecraft:loot_table",
            "weight": 1,
            "value": "expansion:items/steel/steel_ingot",
            "functions": [
              {
                "function": "minecraft:set_count",
                "count": {
                  "min": 20, 
                  "max": 26
                }
              }
            ]
          }
        ]
      },
      {
        "rolls": 1,
        "entries": [
          {
            "type": "minecraft:loot_table",
            "weight": 1,
            "value": "expansion:items/steel/steel_plate",
            "functions": [
              {
                "function": "minecraft:set_count",
                "count": {
                  "min": 10, 
                  "max": 12
                }
              }
            ]
          }
        ]
      },
      {
        "rolls": 1,
        "entries": [
          {
            "type": "minecraft:loot_table",
            "weight": 1,
            "value": "expansion:items/simple_mechanism",
            "functions": [
              {
                "function": "minecraft:set_count",
                "count": {
                  "min": 2, 
                  "max": 3
                }
              }
            ]
          }
        ]
      },
      {
        "rolls": 1,
        "entries": [
          {
            "type": "minecraft:loot_table",
            "weight": 1,
            "value": "expansion:items/processing_unit",
            "functions": [
              {
                "function": "minecraft:set_count",
                "count": 1
              }
            ]
          },
          {
            "type": "minecraft:loot_table",
            "weight": 1,
            "value": "expansion:items/monochrome_monitor",
            "functions": [
              {
                "function": "minecraft:set_count",
                "count": 1
              }
            ]
          }
        ]
      }
    ]
  }
  