{
  "pools": [
    {
      "rolls": 1,
      "entries": [
        {
          "type": "minecraft:item",
          "name": "minecraft:carrot_on_a_stick",
          "functions": [
            {
              "function": "minecraft:set_name",
              "name": {
                "translate": "exp_items_rocketcockpit_name",
                "italic": false
              },
              "entity": "this"
            },
            {
              "function": "minecraft:set_custom_model_data",
              "value": 1012295
            },
            {
              "function": "minecraft:set_components",
                  "components": {
                  "!minecraft:max_damage": {},
                  "minecraft:unbreakable": {
                      "show_in_tooltip": false
                      }
                  }
            },
            {
              "function": "minecraft:set_custom_data",
              "tag": "{rocket_cockpit:1b,rocket_part:1b,crafting_count:1,expansion_coas:1b,exp_block:1b}"
            },
            {
              "function": "minecraft:set_lore",
          "mode": "replace_all",
              "lore": [
                {
                  "translate": "exp_lore_tooltips"
                },
                {
                  "translate": "exp_items_rocketpart_tip"
                },
                {
                  "translate": "exp_items_rocketcockpit_tip1"
                }
              ]
            }
          ]
        }
      ]
    }
  ]
}
