{
  "pools": [
    {
      "rolls": 1,
      "entries": [
        {
          "type": "minecraft:item",
          "name": "minecraft:written_book",
          "functions": [
            {
              "function": "minecraft:set_custom_data",

              "tag": "{exp_guide1:1b}"
            },
            {
              "function": "minecraft:set_name",
              "entity": "this",
              "name": {
                "translate": "exp_guide1_name",
                "italic": false
              }
            },
            {
              "function": "minecraft:set_components",
              "components": {
                "minecraft:written_book_content": {
                  "title": "Guide To Space Travel",
                  "author": "Von_Leipenstein",
                  "generation": 0
                }
              }
            },
            {
              "function": "minecraft:set_written_book_pages",
              "mode": "replace_all",
              "pages": [
                {
                  "raw": [
                    {
                      "translate":"exp_guide1_title"
                    },
                    {
                      "translate":"exp_guide_thumbnail","color":"white","font":"expansion:default","with":[{"text":"\ufa10"}]
                    },
                    {
                      "translate":"exp_guide1_desc"
                    },
                    {
                      "translate":"exp_guide1_signature"
                    }
                  ]
                },
                {
                  "raw":[
                    {
                      "translate":"exp_guide1_contents"},
                    {
                      "translate":"exp_guide1_contents_chapter1","clickEvent":{"action":"change_page","value":"4"}
                    },
                    {
                      "translate":"exp_guide1_contents_oxygen","clickEvent":{"action":"change_page","value":"5"}
                    },
                    {
                      "translate":"exp_guide1_contents_temperature","clickEvent":{"action":"change_page","value":"6"}
                    },
                    {
                      "translate":"exp_guide1_contents_chapter2","clickEvent":{"action":"change_page","value":"7"}
                    },
                    {
                      "translate":"exp_guide1_contents_itemrecipes","clickEvent":{"action":"change_page","value":"8"}
                    },
                    {
                      "translate":"exp_guide1_contents_blockrecipes","clickEvent":{"action":"change_page","value":"9"}
                    },
                    {
                      "translate":"exp_guide1_contents_toolrecipes","clickEvent":{"action":"change_page","value":"10"}
                    },
                    {
                      "translate":"exp_guide1_contents_armorrecipes","clickEvent":{"action":"change_page","value":"11"}
                    },
                    {
                      "translate":"exp_guide1_contents_vehiclerecipes","clickEvent":{"action":"change_page","value":"12"}
                    }
                  ]
                },
                {
                  "raw": [
                    {
                      "translate":"exp_guide1_contents"
                    },
                    {
                      "translate":"exp_guide1_contents_chapter3","clickEvent":{"action":"change_page","value":"13"}
                    },
                    {
                      "translate":"exp_guide1_contents_moon","clickEvent":{"action":"change_page","value":"14"}
                    },
                    {
                      "translate":"exp_guide1_contents_mars","clickEvent":{"action":"change_page","value":"15"}
                    },
                    {
                      "translate":"exp_guide1_contents_venus","clickEvent":{"action":"change_page","value":"16"}
                    },
                    {
                      "translate":"exp_guide1_contents_jupiter","clickEvent":{"action":"change_page","value":"17"}
                    },
                    {
                      "translate":"exp_guide1_contents_europa","clickEvent":{"action":"change_page","value":"18"}
                    },
                    {
                      "translate":"exp_guide1_contents_asteroids","clickEvent":{"action":"change_page","value":"19"}
                    }
                  ]
                },
                {
                  "raw": [
                    {
                      "translate":"exp_guide1_chapter1"
                    }
                  ]
                },
                {
                  "raw": [
                    {
                      "translate":"exp_guide1_oxygen_title"
                    },
                    {
                      "translate":"exp_guide1_oxygen_body"
                    }
                  ]
                },
                {
                  "raw": [
                    {
                      "translate":"exp_guide1_temperature_title"
                    },
                    {
                      "translate":"exp_guide1_temperature_body"
                    }
                  ]
                },
                {
                  "raw": [
                    {
                      "translate":"exp_guide1_chapter2"
                    }
                  ]
                },
                {
                  "raw": [
                    {
                      "translate":"exp_guide1_itemrecipes"
                    },
                    {
                      "translate":"exp_guide1_steeltier"
                    },
                    {
                      "translate":"exp_guide_item_display",
                      "color":"white",
                      "font":"expansion:default",
                      "with":[
                        {
                          "text":"\uff00",
                          "hoverEvent": {
                            "action":"show_text",
                            "contents": [
                              {"translate":"exp_items_steelingot_name"},
                              {"translate":"exp_guide_item_hover","color":"white","font":"expansion:default","with":[{"text":"\uff50"}]},
                              {"translate":"exp_guide_craftedin"},
                              {"translate":"exp_guide_item_display","color":"white","font":"expansion:default","with":[{"text":"\uff20\n"}]}
                            ]
                          }
                        }
                      ]
                    },
                    {
                      "translate":"exp_guide_item_display",
                      "color":"white",
                      "font":"expansion:default",
                      "with": [
                        {
                          "text":"\uff02",
                          "hoverEvent": {
                            "action":"show_text",
                            "contents": [
                              {"translate":"exp_items_steelplate_name"},
                              {"translate":"exp_guide_item_hover","color":"white","font":"expansion:default","with":[{"text":"\uff52"}]},
                              {"translate":"exp_guide_craftedin"},
                              {"translate":"exp_guide_item_display","color":"white","font":"expansion:default","with":[{"text":"\uff21\n"}]}
                            ]
                          }
                        }
                      ]
                    },
                    {
                      "translate":"exp_guide_item_display",
                      "color":"white",
                      "font":"expansion:default",
                      "with": [
                        {
                          "text":"\uff03",
                          "hoverEvent": {
                            "action":"show_text",
                            "contents": [
                              {"translate":"exp_items_gear_name"},
                              {"translate":"exp_guide_item_hover","color":"white","font":"expansion:default","with":[{"text":"\uff53"}]},
                              {"translate":"exp_guide_craftedin"},
                              {"translate":"exp_guide_item_display","color":"white","font":"expansion:default","with":[{"text":"\uff21\n"}]}
                            ]
                          }
                        }
                      ]
                    },
                    {
                      "translate":"exp_guide_item_display",
                      "color":"white",
                      "font":"expansion:default",
                      "with": [
                        {
                          "text":"\uff04",
                          "hoverEvent": {
                            "action":"show_text",
                            "contents": [
                              {"translate":"exp_items_fan_name"},
                              {"translate":"exp_guide_item_hover","color":"white","font":"expansion:default","with":[{"text":"\uff94"}]},
                              {"translate":"exp_guide_craftedin"},
                              {"translate":"exp_guide_item_display","color":"white","font":"expansion:default","with":[{"text":"\uff21\n"}]}
                            ]
                          }
                        }
                      ]
                    },
                    {
                      "translate":"exp_guide_item_display",
                      "color":"white",
                      "font":"expansion:default","with":[
                        {
                          "text":"\uff05",
                          "hoverEvent": {
                            "action":"show_text",
                            "contents": [
                              {"translate":"exp_items_copper_wire_name"},
                              {"translate":"exp_guide_item_hover","color":"white","font":"expansion:default","with":[{"text":"\uff54"}]},
                              {"translate":"exp_guide_craftedin"},
                              {"translate":"exp_guide_item_display","color":"white","font":"expansion:default","with":[{"text":"\uff21\n"}]}
                            ]
                          }
                        }
                      ]
                    },
                    {
                      "translate":"exp_guide_item_display",
                      "color":"white",
                      "font":"expansion:default",
                      "with":[
                        {
                          "text":"\uff06",
                          "hoverEvent":{
                            "action":"show_text",
                            "contents":[
                              {"translate":"exp_items_simplemechanism_name"},
                              {"translate":"exp_guide_item_hover","color":"white","font":"expansion:default","with":[{"text":"\uff55"}]},
                              {"translate":"exp_guide_craftedin"},
                              {"translate":"exp_guide_item_display","color":"white","font":"expansion:default","with":[{"text":"\uff21\n"}]}
                            ]
                          }
                        }
                      ]
                    },
                    {
                      "text":"\n\n"
                    },
                    {
                      "translate":"exp_guide_item_display",
                      "color":"white",
                      "font":"expansion:default",
                      "with":[
                        {
                          "text":"\uff07",
                          "hoverEvent":{
                            "action":"show_text",
                            "contents":[
                              {"translate":"exp_items_cpu_name"},
                              {"translate":"exp_guide_item_hover","color":"white","font":"expansion:default","with":[{"text":"\uff56"}]},
                              {"translate":"exp_guide_craftedin"},
                              {"translate":"exp_guide_item_display","color":"white","font":"expansion:default","with":[{"text":"\uff21\n"}]}
                            ]
                          }
                        }
                      ]                    
                    },
                    {
                      "translate":"exp_guide_item_display",
                      "color":"white",
                      "font":"expansion:default",
                      "with":[
                        {
                          "text":"\uff08",
                          "hoverEvent":{
                            "action":"show_text",
                            "contents":[
                              {"translate":"exp_items_oxygenfilter_name"},
                              {"translate":"exp_guide_item_hover","color":"white","font":"expansion:default","with":[{"text":"\uff57"}]},
                              {"translate":"exp_guide_craftedin"},
                              {"translate":"exp_guide_item_display","color":"white","font":"expansion:default","with":[{"text":"\uff21\n"}]}
                            ]
                          }
                        }
                      ]
                    },
                    {
                      "translate":"exp_guide_item_display",
                      "color":"white",
                      "font":"expansion:default",
                      "with":[
                        {
                          "text":"\uff10",
                          "hoverEvent":{
                            "action":"show_text",
                            "contents":[
                              {"translate":"exp_items_electromagnet_name"},
                              {"translate":"exp_guide_item_hover","color":"white","font":"expansion:default","with":[{"text":"\uff58"}]},
                              {"translate":"exp_guide_craftedin"},
                              {"translate":"exp_guide_item_display","color":"white","font":"expansion:default","with":[{"text":"\uff21\n"}]}
                            ]
                          }
                        }
                      ]
                    },
                    {
                      "translate":"exp_guide_item_display",
                      "color":"white",
                      "font":"expansion:default",
                      "with":[
                        {
                          "text":"\uff11",
                          "hoverEvent":{
                            "action":"show_text",
                            "contents":[
                              {"translate":"exp_items_elektromotor_name"},
                              {"translate":"exp_guide_item_hover","color":"white","font":"expansion:default","with":[{"text":"\uff59"}]},
                              {"translate":"exp_guide_craftedin"},
                              {"translate":"exp_guide_item_display","color":"white","font":"expansion:default","with":[{"text":"\uff21\n"}]}
                            ]
                          }
                        }
                      ]
                    },
                    {
                      "text":" "
                    },
                    {
                      "translate":"exp_guide_item_display",
                      "color":"white",
                      "font":"expansion:default",
                      "with":[
                        {
                          "text":"\uff13",
                          "hoverEvent":{
                            "action":"show_text",
                            "contents":[
                              {"translate":"exp_items_thruster_name"},
                              {"translate":"exp_guide_item_hover","color":"white","font":"expansion:default","with":[{"text":"\uff61"}]},
                              {"translate":"exp_guide_craftedin"},
                              {"translate":"exp_guide_item_display","color":"white","font":"expansion:default","with":[{"text":"\uff21\n"}]}
                            ]
                          }
                        }
                      ]
                    },
                    {
                      "translate":"exp_guide_item_display",
                      "color":"white",
                      "font":"expansion:default",
                      "with":[
                        {
                          "text":"\ufb08",
                          "hoverEvent":{
                            "action":"show_text",
                            "contents":[
                              {"translate":"exp_items_monochromemonitor_name"},
                              {"translate":"exp_guide_item_hover","color":"white","font":"expansion:default","with":[{"text":"\ufb07"}]},
                              {"translate":"exp_guide1_tintedglasstip"},
                              {"translate":"exp_guide_craftedin"},
                              {"translate":"exp_guide_item_display","color":"white","font":"expansion:default","with":[{"text":"\uff21\n"}]}
                            ]
                          }
                        }
                      ]
                    },
                    {
                      "translate":"exp_guide1_amethoniumtier"
                    },
                    {
                      "translate":"exp_guide_item_display",
                      "color":"white",
                      "font":"expansion:default",
                      "with":[
                        {
                          "text":"\uff01",
                          "hoverEvent":{
                            "action":"show_text",
                            "contents":[
                              {"translate":"exp_items_amethoniumingot_name"},
                              {"translate":"exp_guide_item_hover","color":"white","font":"expansion:default","with":[{"text":"\uff51"}]},
                              {"translate":"exp_guide_craftedin"},
                              {"translate":"exp_guide_item_display","color":"white","font":"expansion:default","with":[{"text":"\uff20\n"}]}
                            ]
                          }
                        }
                      ]
                    },
                    {
                      "translate":"exp_guide_item_display",
                      "color":"white",
                      "font":"expansion:default",
                      "with":[
                        {
                          "text":"\uff14",
                          "hoverEvent":{
                            "action":"show_text",
                            "contents":[
                              {"translate":"exp_items_amethoniumplate_name"},
                              {"translate":"exp_guide_item_hover","color":"white","font":"expansion:default","with":[{"text":"\uff62"}]},
                              {"translate":"exp_guide_craftedin"},
                              {"translate":"exp_guide_item_display","color":"white","font":"expansion:default","with":[{"text":"\uff21\n"}]}
                            ]
                          }
                        }
                      ]
                    },
                    {
                      "translate":"exp_guide_item_display",
                      "color":"white",
                      "font":"expansion:default",
                      "with":[
                        {
                          "text":"\uff15",
                          "hoverEvent":{
                            "action":"show_text",
                            "contents":[
                              {"translate":"exp_items_circuitboard_name"},
                              {"translate":"exp_guide_item_hover","color":"white","font":"expansion:default","with":[{"text":"\uff63"}]},
                              {"translate":"exp_guide_craftedin"},
                              {"translate":"exp_guide_item_display","color":"white","font":"expansion:default","with":[{"text":"\uff21\n"}]}
                            ]
                          }
                        }
                      ]
                    },
                    {
                      "translate":"exp_guide_item_display",
                      "color":"white",
                      "font":"expansion:default",
                      "with":[
                        {
                          "text":"\uff16",
                          "hoverEvent":{
                            "action":"show_text",
                            "contents":[
                              {"translate":"exp_items_complexmechanism_name"},
                              {"translate":"exp_guide_item_hover","color":"white","font":"expansion:default","with":[{"text":"\uff64"}]},
                              {"translate":"exp_guide_craftedin"},
                              {"translate":"exp_guide_item_display","color":"white","font":"expansion:default","with":[{"text":"\uff21\n"}]}
                            ]
                          }
                        }
                      ]
                    },
                    {
                      "translate":"exp_guide_item_display",
                      "color":"white",
                      "font":"expansion:default",
                      "with":[
                        {
                          "text":"\uff17",
                          "hoverEvent":{
                            "action":"show_text",
                            "contents":[
                              {"translate":"exp_items_robotarm_name"},
                              {"translate":"exp_guide_item_hover","color":"white","font":"expansion:default","with":[{"text":"\uff65"}]},
                              {"translate":"exp_guide_craftedin"},
                              {"translate":"exp_guide_item_display","color":"white","font":"expansion:default","with":[{"text":"\uff21\n"}]}
                            ]
                          }
                        }
                      ]
                    },
                    {
                      "translate":"exp_guide_item_display",
                      "color":"white",
                      "font":"expansion:default",
                      "with":[
                        {
                          "text":"\uff18",
                          "hoverEvent":{
                            "action":"show_text",
                            "contents":[
                              {"translate":"exp_items_coolingelement_name"},
                              {"translate":"exp_guide_item_hover","color":"white","font":"expansion:default","with":[{"text":"\uff66"}]},
                              {"translate":"exp_guide_craftedin"},
                              {"translate":"exp_guide_item_display","color":"white","font":"expansion:default","with":[{"text":"\uff21\n"}]}
                            ]
                          }
                        }
                      ]
                    },
                    {
                      "text":"\n\n"
                    },
                    {
                      "translate":"exp_guide_item_display",
                      "color":"white",
                      "font":"expansion:default",
                      "with":[
                        {
                          "text":"\uff19",
                          "hoverEvent":{
                            "action":"show_text",
                            "contents":[
                              {"translate":"exp_items_heatingelement_name"},
                              {"translate":"exp_guide_item_hover","color":"white","font":"expansion:default","with":[{"text":"\uff67"}]},
                              {"translate":"exp_guide_craftedin"},
                              {"translate":"exp_guide_item_display","color":"white","font":"expansion:default","with":[{"text":"\uff21\n"}]}
                            ]
                          }
                        }
                      ]
                    }
                  ]
                },
                {
                  "raw": [
                    {
                      "translate":"exp_guide1_blockrecipes"
                    },
                    {
                      "translate":"exp_guide1_craftingstations"
                    },
                    {
                      "translate":"exp_guide_item_display",
                      "color":"white",
                      "font":"expansion:default"
                      ,"with":[
                        {
                          "text":"\uff20 ",
                          "hoverEvent":{
                            "action":"show_text",
                            "contents":[
                              {"translate":"exp_blocks_arcfurnace_name"},
                              {"translate":"exp_guide1_arcfurnace_tip"},
                              {"translate":"exp_guide_item_hover","color":"white","font":"expansion:default","with":[{"text":"\uff68"}]},
                              {"translate":"exp_guide_craftedin"},
                              {"translate":"exp_guide_item_display","color":"white","font":"expansion:default","with":[{"text":"\uff33"}]},
                              {"translate":"exp_guide_item_display","color":"white","font":"expansion:default","with":[{"text":"\uff21\n"}]}
                            ]
                          }
                        }
                      ]
                    },
                    {
                      "translate":"exp_guide_item_display",
                      "color":"white",
                      "font":"expansion:default",
                      "with":[
                        {
                          "text":"\uff21",
                          "hoverEvent":{
                            "action":"show_text",
                            "contents":[
                              {"translate":"exp_blocks_fabricator_name"},
                              {"translate":"exp_guide1_fabricator_tip"},
                              {"translate":"exp_guide_item_hover","color":"white","font":"expansion:default","with":[{"text":"\ufa06"}]},
                              {"translate":"exp_guide1_fabricator_craft"},
                              {"translate":"exp_guide_item_hover","color":"white","font":"expansion:default","with":[{"text":"\uff69"}]},
                              {"translate":"exp_guide_craftedin"},
                              {"translate":"exp_guide_item_display","color":"white","font":"expansion:default","with":[{"text":"\uff21\n"}]}
                            ]
                          }
                        }
                      ]
                    },
                    {
                      "translate":"exp_guide_item_display",
                      "color":"white",
                      "font":"expansion:default",
                      "with":[
                        {
                          "text":"\uff22",
                          "hoverEvent":{
                            "action":"show_text",
                            "contents":[
                              {"translate":"exp_blocks_assembler_name"},
                              {"translate":"exp_guide1_assembler_tip"},
                              {"translate":"exp_guide_item_hover","color":"white","font":"expansion:default","with":[{"text":"\uff70"}]},
                              {"translate":"exp_guide_craftedin"},
                              {"translate":"exp_guide_item_display","color":"white","font":"expansion:default","with":[{"text":"\uff21\n"}]}
                            ]
                          }
                        }
                      ]
                    },
                    {
                      "translate":"exp_guide1_oxygenutility"
                    },
                    {
                      "translate":"exp_guide_item_display",
                      "color":"white",
                      "font":"expansion:default",
                      "with":[
                        {
                          "text":"\uff23",
                          "hoverEvent":{
                            "action":"show_text",
                            "contents":[
                              {"translate":"exp_blocks_compressor_name"},
                              {"translate":"exp_guide1_compressor_tip"},
                              {"translate":"exp_guide_item_hover","color":"white","font":"expansion:default","with":[{"text":"\uff71"}]},
                              {"translate":"exp_guide_craftedin"},
                              {"translate":"exp_guide_item_display","color":"white","font":"expansion:default","with":[{"text":"\uff21\n"}]}
                            ]
                          }
                        }
                      ]
                    },
                    {
                      "translate":"exp_guide_item_display",
                      "color":"white",
                      "font":"expansion:default",
                      "with":[
                        {
                          "text":"\uff24",
                          "hoverEvent":{
                            "action":"show_text",
                            "contents":[
                              {"translate":"exp_blocks_oxygenator_name"},
                              {"translate":"exp_guide1_oxygenator_tip"},
                              {"translate":"exp_guide_item_hover","color":"white","font":"expansion:default","with":[{"text":"\uff72"}]},
                              {"translate":"exp_guide_craftedin"},
                              {"translate":"exp_guide_item_display","color":"white","font":"expansion:default","with":[{"text":"\uff21\n"}]}
                            ]
                          }
                        }
                      ]
                    },
                    {
                      "translate":"exp_guide_item_display",
                      "color":"white",
                      "font":"expansion:default",
                      "with":[
                        {
                          "text":"\uff25",
                          "hoverEvent":{
                            "action":"show_text",
                            "contents":[
                              {"translate":"exp_blocks_terraformer_name"},
                              {"translate":"exp_guide1_terraformer_tip"},
                              {"translate":"exp_guide_item_hover","color":"white","font":"expansion:default","with":[{"text":"\uff73"}]},
                              {"translate":"exp_guide_craftedin"},
                              {"translate":"exp_guide_item_display","color":"white","font":"expansion:default","with":[{"text":"\uff21\n"}]}
                            ]
                          }
                        }
                      ]
                    },
                    {
                      "translate":"exp_guide1_otherblocks"
                    },
                    {
                      "translate":"exp_guide_item_display","color":"white","font":"expansion:default","with":[{"text":"\uff27","hoverEvent":{"action":"show_text","contents":[{"translate":"exp_blocks_extractor_name"},{"translate":"exp_guide1_extractor_tip"},{"translate":"exp_guide_item_hover","color":"white","font":"expansion:default","with":[{"text":"\uff74"}]},{"translate":"exp_guide_craftedin"},{"translate":"exp_guide_item_display","color":"white","font":"expansion:default","with":[{"text":"\uff21\n"}]}]}}]
                    },
                    {
                      "translate":"exp_guide_item_display","color":"white","font":"expansion:default","with":[{"text":"\uff26","hoverEvent":{"action":"show_text","contents":[{"translate":"exp_blocks_planetarium_name"},{"translate":"exp_guide1_planetarium_tip"},{"translate":"exp_guide_item_hover","color":"white","font":"expansion:default","with":[{"text":"\uff75"}]},{"translate":"exp_guide_craftedin"},{"translate":"exp_guide_item_display","color":"white","font":"expansion:default","with":[{"text":"\uff21\n"}]}]}}]
                    },
                    {
                      "translate":"exp_guide_item_display","color":"white","font":"expansion:default","with":[{"text":"\uff28","hoverEvent":{"action":"show_text","contents":[{"translate":"exp_blocks_enhancer_name"},{"translate":"exp_guide1_enhancer_tip"},{"translate":"exp_guide_item_hover","color":"white","font":"expansion:default","with":[{"text":"\uff76"}]},{"translate":"exp_guide_craftedin"},{"translate":"exp_guide_item_display","color":"white","font":"expansion:default","with":[{"text":"\uff21\n"}]}]}}]
                    },
                    {
                      "translate":"exp_guide_item_display","color":"white","font":"expansion:default","with":[{"text":"\uff29","hoverEvent":{"action":"show_text","contents":[{"translate":"exp_blocks_teslacoil_name"},{"translate":"exp_guide1_teslacoil_tip"},{"translate":"exp_guide_item_hover","color":"white","font":"expansion:default","with":[{"text":"\ufb02"}]},{"translate":"exp_guide_craftedin"},{"translate":"exp_guide_item_display","color":"white","font":"expansion:default","with":[{"text":"\uff21\n"}]}]}}]
                    },
                    {
                      "translate":"exp_guide_item_display","color":"white","font":"expansion:default","with":[{"text":"\ufb10","hoverEvent":{"action":"show_text","contents":[{"translate":"exp_blocks_modstation_name"},{"translate":"exp_guide1_modstation_tip"},{"translate":"exp_guide_item_hover","color":"white","font":"expansion:default","with":[{"text":"\ufb03"}]},{"translate":"exp_guide_craftedin"},{"translate":"exp_guide_item_display","color":"white","font":"expansion:default","with":[{"text":"\uff21\n"}]}]}}]}
                  ]
                },
                {
                  "raw": [
                    {"translate":"exp_guide1_toolrecipes"},
                    {"translate":"exp_guide1_oxygentools"},
                    {"translate":"exp_guide_item_display","color":"white","font":"expansion:default","with":[{"text":"\uff35","hoverEvent":{"action":"show_text","contents":[{"translate":"exp_armor_equipment_name"},{"translate":"exp_guide1_equipment_tip"},{"translate":"exp_guide_item_hover","color":"white","font":"expansion:default","with":[{"text":"\uff77"}]},{"translate":"exp_guide1_tintedglasstip"},{"translate":"exp_guide_craftedin"},{"translate":"exp_guide_item_display","color":"white","font":"expansion:default","with":[{"text":"\uff21\n"}]}]}}]
                    },
                    {"translate":"exp_guide_item_display","color":"white","font":"expansion:default","with":[{"text":"\uff09","hoverEvent":{"action":"show_text","contents":[{"translate":"exp_tools_oxygentank_name"},{"translate":"exp_guide1_oxygentank_tip"},{"translate":"exp_guide_item_hover","color":"white","font":"expansion:default","with":[{"text":"\uff78"}]},{"translate":"exp_guide_craftedin"},{"translate":"exp_guide_item_display","color":"white","font":"expansion:default","with":[{"text":"\uff21\n"}]}]}}]
                    },
                    {"translate":"exp_guide_item_display","color":"white","font":"expansion:default","with":[{"text":"\ufa11","hoverEvent":{"action":"show_text","contents":[{"translate":"exp_tools_oxygentanktier2_name"},{"translate":"exp_guide1_oxygentanktier2_tip"},{"translate":"exp_guide_item_hover","color":"white","font":"expansion:default","with":[{"text":"\ufa12"}]},{"translate":"exp_guide_craftedin"},{"translate":"exp_guide_item_display","color":"white","font":"expansion:default","with":[{"text":"\uff21\n"}]}]}}]
                    },
                    {"translate":"exp_guide1_weapons"},
                    {"translate":"exp_guide_item_display","color":"white","font":"expansion:default","with":[{"text":"\uff36","hoverEvent":{"action":"show_text","contents":[{"translate":"exp_weapons_railgun_name"},{"translate":"exp_guide1_railgun_tip"},{"translate":"exp_guide_item_hover","color":"white","font":"expansion:default","with":[{"text":"\uff79"}]},{"translate":"exp_guide_craftedin"},{"translate":"exp_guide_item_display","color":"white","font":"expansion:default","with":[{"text":"\uff22\n"}]}]}}]
                    },
                    {"translate":"exp_guide_item_display","color":"white","font":"expansion:default","with":[{"text":"\uff37","hoverEvent":{"action":"show_text","contents":[{"translate":"exp_tools_cryoblaster_name"},{"translate":"exp_guide1_cryoblaster_tip"},{"translate":"exp_guide_item_hover","color":"white","font":"expansion:default","with":[{"text":"\uff80"}]},{"translate":"exp_guide_craftedin"},{"translate":"exp_guide_item_display","color":"white","font":"expansion:default","with":[{"text":"\uff22\n"}]}]}}]
                    },
                    {"translate":"exp_guide1_othertools"},
                    {"translate":"exp_guide_item_display","color":"white","font":"expansion:default","with":[{"text":"\uff38","hoverEvent":{"action":"show_text","contents":[{"translate":"exp_tools_wrench_name"},{"translate":"exp_guide1_wrench_tip"},{"translate":"exp_guide_item_hover","color":"white","font":"expansion:default","with":[{"text":"\uff81"}]},{"translate":"exp_guide_craftedin"},{"translate":"exp_guide_item_display","color":"white","font":"expansion:default","with":[{"text":"\uff21\n"}]}]}}]
                    },
                    {"translate":"exp_guide_item_display","color":"white","font":"expansion:default","with":[{"text":"\ufb09","hoverEvent":{"action":"show_text","contents":[{"translate":"exp_drone_name"},{"translate":"exp_guide1_drone_tip"},{"translate":"exp_guide_item_hover","color":"white","font":"expansion:default","with":[{"text":"\ufb04"}]},{"translate":"exp_guide_craftedin"},{"translate":"exp_guide_item_display","color":"white","font":"expansion:default","with":[{"text":"\uff22\n"}]}]}}]
                    },
                    {"translate":"exp_guide1_modules"},
                    {"translate":"exp_guide_item_display","color":"white","font":"expansion:default","with":[{"text":"\uff39","hoverEvent":{"action":"show_text","contents":[{"translate":"exp_modules_cooling_name"},{"translate":"exp_guide1_coolingmodule_tip"},{"translate":"exp_guide_item_hover","color":"white","font":"expansion:default","with":[{"text":"\uff82"}]},{"translate":"exp_guide_craftedin"},{"translate":"exp_guide_item_display","color":"white","font":"expansion:default","with":[{"text":"\uff21\n"}]}]}}]
                    },
                    {"translate":"exp_guide_item_display","color":"white","font":"expansion:default","with":[{"text":"\uff40","hoverEvent":{"action":"show_text","contents":[{"translate":"exp_modules_warming_name"},{"translate":"exp_guide1_warmingmodule_tip"},{"translate":"exp_guide_item_hover","color":"white","font":"expansion:default","with":[{"text":"\uff83"}]},{"translate":"exp_guide_craftedin"},{"translate":"exp_guide_item_display","color":"white","font":"expansion:default","with":[{"text":"\uff21\n"}]}]}}]
                    },
                    {"translate":"exp_guide_item_display","color":"white","font":"expansion:default","with":[{"text":"\ufb11","hoverEvent":{"action":"show_text","contents":[{"translate":"exp_items_fuelmod_name"},{"translate":"exp_guide1_fuelmod_tip"},{"translate":"exp_guide_item_hover","color":"white","font":"expansion:default","with":[{"text":"\ufb13"}]},{"translate":"exp_guide_craftedin"},{"translate":"exp_guide_item_display","color":"white","font":"expansion:default","with":[{"text":"\uff21\n"}]}]}}]
                    },
                    {"translate":"exp_guide_item_display","color":"white","font":"expansion:default","with":[{"text":"\ufb12","hoverEvent":{"action":"show_text","contents":[{"translate":"exp_items_speedmod_name"},{"translate":"exp_guide1_speedmod_tip"},{"translate":"exp_guide_item_hover","color":"white","font":"expansion:default","with":[{"text":"\ufb14"}]},{"translate":"exp_guide_craftedin"},{"translate":"exp_guide_item_display","color":"white","font":"expansion:default","with":[{"text":"\uff21\n"}]}]}}]}
                  ]
                },
                {
                  "raw": [
                    {"translate":"exp_guide1_armorrecipes"},
                    {"translate":"exp_guide1_utilityarmor"},
                    {"translate":"exp_guide_item_display","color":"white","font":"expansion:default","with":[{"text":"\ufb16","hoverEvent":{"action":"show_text","contents":[{"translate":"exp_armor_magnboots_name"},{"translate":"exp_guide1_magnboots_tip"},{"translate":"exp_guide_item_hover","color":"white","font":"expansion:default","with":[{"text":"\ufb18"}]},{"translate":"exp_guide_craftedin"},{"translate":"exp_guide_item_display","color":"white","font":"expansion:default","with":[{"text":"\uff21\n"}]}]}}]
                  },
                    {"translate":"exp_guide_item_display","color":"white","font":"expansion:default","with":[{"text":"\ufb17","hoverEvent":{"action":"show_text","contents":[{"translate":"exp_armor_rocketboots_name"},{"translate":"exp_guide1_rocketboots_tip"},{"translate":"exp_guide_item_hover","color":"white","font":"expansion:default","with":[{"text":"\ufb19"}]},{"translate":"exp_guide_craftedin"},{"translate":"exp_guide_item_display","color":"white","font":"expansion:default","with":[{"text":"\uff21\n"}]}]}}]}
                  ]
                },
                {
                  "raw": [
                    {
                      "translate":"exp_guide1_vehiclerecipes"},
                    {
                      "translate":"exp_guide1_rocket"},{"translate":"exp_guide_item_display","color":"white","font":"expansion:default","with":[{"text":"\uff30  ","hoverEvent":{"action":"show_text","contents":[{"translate":"exp_vehicles_rocket_name"},{"translate":"exp_guide1_rocket_tip"},{"translate":"exp_guide1_rocket_craft"}]}}]
                    },
                    {
                      "translate":"exp_guide_item_display","color":"white","font":"expansion:default","with":[{"text":"\uff41  ","hoverEvent":{"action":"show_text","contents":[{"translate":"exp_items_rocketbottom_name"},{"translate":"exp_guide_item_hover","color":"white","font":"expansion:default","with":[{"text":"\uff85"}]},{"translate":"exp_guide_craftedin"},{"translate":"exp_guide_item_display","color":"white","font":"expansion:default","with":[{"text":"\uff21\n"}]}]}}]
                    },
                    {
                      "translate":"exp_guide_item_display","color":"white","font":"expansion:default","with":[{"text":"\uff42  ","hoverEvent":{"action":"show_text","contents":[{"translate":"exp_items_rocketcockpit_name"},{"translate":"exp_guide_item_hover","color":"white","font":"expansion:default","with":[{"text":"\uff86"}]},{"translate":"exp_guide_craftedin"},{"translate":"exp_guide_item_display","color":"white","font":"expansion:default","with":[{"text":"\uff21\n"}]}]}}]
                    },
                    {
                      "translate":"exp_guide_item_display","color":"white","font":"expansion:default","with":[{"text":"\uff43  ","hoverEvent":{"action":"show_text","contents":[{"translate":"exp_items_rockettop_name"},{"translate":"exp_guide_item_hover","color":"white","font":"expansion:default","with":[{"text":"\uff87"}]},{"translate":"exp_guide_craftedin"},{"translate":"exp_guide_item_display","color":"white","font":"expansion:default","with":[{"text":"\uff21\n"}]}]}}]
                    },
                    {
                      "translate":"exp_guide1_buggy"},
                    {
                      "translate":"exp_guide_item_display","color":"white","font":"expansion:default","with":[{"text":"\uff31  ","hoverEvent":{"action":"show_text","contents":[{"translate":"exp_vehicles_buggy_name"},{"translate":"exp_guide1_buggy_tip"},{"translate":"exp_guide_item_hover","color":"white","font":"expansion:default","with":[{"text":"\uff88"}]},{"translate":"exp_guide_craftedin"},{"translate":"exp_guide_item_display","color":"white","font":"expansion:default","with":[{"text":"\uff22\n"}]}]}}]
                    },
                    {
                      "translate":"exp_guide_item_display","color":"white","font":"expansion:default","with":[{"text":"\uff12","hoverEvent":{"action":"show_text","contents":[{"translate":"exp_items_buggywheel_name"},{"translate":"exp_guide_item_hover","color":"white","font":"expansion:default","with":[{"text":"\uff60"}]},{"translate":"exp_guide_craftedin"},{"translate":"exp_guide_item_display","color":"white","font":"expansion:default","with":[{"text":"\uff21\n"}]}]}}]
                    },
                    {
                      "translate":"exp_guide1_spaceship"},
                    {
                      "translate":"exp_guide_item_display","color":"white","font":"expansion:default","with":[{"text":"\uff48 ","hoverEvent":{"action":"show_text","contents":[{"translate":"exp_items_shipnose_name"},{"translate":"exp_guide_item_hover","color":"white","font":"expansion:default","with":[{"text":"\ufb20"}]},{"translate":"exp_guide_craftedin"},{"translate":"exp_guide_item_display","color":"white","font":"expansion:default","with":[{"text":"\uff21\n"}]}]}}]
                    },
                    {
                      "translate":"exp_guide_item_display","color":"white","font":"expansion:default","with":[{"text":"\uff47 ","hoverEvent":{"action":"show_text","contents":[{"translate":"exp_items_shipcockpit_name"},{"translate":"exp_guide_item_hover","color":"white","font":"expansion:default","with":[{"text":"\uff92"}]},{"translate":"exp_guide1_tintedglasstip"},{"translate":"exp_guide_craftedin"},{"translate":"exp_guide_item_display","color":"white","font":"expansion:default","with":[{"text":"\uff21\n"}]}]}}]
                    },
                    {
                      "translate":"exp_guide_item_display","color":"white","font":"expansion:default","with":[{"text":"\uff46 ","hoverEvent":{"action":"show_text","contents":[{"translate":"exp_items_shipengines_name"},{"translate":"exp_guide_item_hover","color":"white","font":"expansion:default","with":[{"text":"\uff93"}]},{"translate":"exp_guide_craftedin"},{"translate":"exp_guide_item_display","color":"white","font":"expansion:default","with":[{"text":"\uff21\n"}]}]}}]
                    },
                    {
                      "translate":"exp_guide_item_display","color":"white","font":"expansion:default","with":[{"text":"\uff44 ","hoverEvent":{"action":"show_text","contents":[{"translate":"exp_items_shiplwing_name"},{"translate":"exp_guide_item_hover","color":"white","font":"expansion:default","with":[{"text":"\uff90"}]},{"translate":"exp_guide_craftedin"},{"translate":"exp_guide_item_display","color":"white","font":"expansion:default","with":[{"text":"\uff21\n"}]}]}}]
                    },
                    {
                      "translate":"exp_guide_item_display","color":"white","font":"expansion:default","with":[{"text":"\uff45\n\n\n","hoverEvent":{"action":"show_text","contents":[{"translate":"exp_items_shiprwing_name"},{"translate":"exp_guide_item_hover","color":"white","font":"expansion:default","with":[{"text":"\uff91"}]},{"translate":"exp_guide_craftedin"},{"translate":"exp_guide_item_display","color":"white","font":"expansion:default","with":[{"text":"\uff21\n"}]}]}}]
                    },
                    {
                      "translate":"exp_guide_item_display","color":"white","font":"expansion:default","with":[{"text":"\uff32","hoverEvent":{"action":"show_text","contents":[{"translate":"exp_vehicles_spaceship_name"},{"translate":"exp_guide1_spaceship_tip"},{"translate":"exp_guide_item_hover","color":"white","font":"expansion:default","with":[{"text":"\uff89"}]},{"translate":"exp_guide_craftedin"},{"translate":"exp_guide_item_display","color":"white","font":"expansion:default","with":[{"text":"\uff22\n"}]}]}}]
                    }
                  ]
                },
                {
                  "raw": [
                    {
                      "translate":"exp_guide1_chapter3"
                    }
                  ]
                },
                {
                  "raw": [
                    {
                      "translate":"exp_guide_picture_display",
                      "color":"white",
                      "font":"expansion:default",
                      "with":[{"text":"\ufa00"}]
                    },
                    {
                      "translate":"exp_guide1_moon","color":"black","font":"minecraft:default"
                    },
                    {
                      "translate":"exp_guide1_materials","color":"black","font":"minecraft:default"
                    },
                    {
                      "translate":"exp_guide_item_display",
                      "color":"white",
                      "font":"expansion:default",
                      "with":[{"text":"\uff95","hoverEvent":{"action":"show_text","contents":[{"translate":"exp_items_rawtitanium_name"},{"translate":"exp_guide1_ore"},{"translate":"exp_guide_item_display","color":"white","font":"expansion:default","with":[{"text":"\uff98"}]},{"translate":"exp_guide1_oredesc_titanium_moon"}]}}]
                    },
                    {
                      "translate":"exp_guide_item_display",
                      "color":"white",
                      "font":"expansion:default",
                      "with":[{"text":"\ufb01","hoverEvent":{"action":"show_text","contents":[{"translate":"item.minecraft.amethyst_shard"},{"translate":"exp_guide1_oredesc_amethyst"}]}}]
                    },
                    {
                      "translate":"exp_guide_item_display",
                      "color":"white",
                      "font":"expansion:default",
                      "with":[{"text":"\ufb15","hoverEvent":{"action":"show_text","contents":[{"translate":"exp_items_computingcore_name"},{"translate":"exp_items_itemdesc_aicore"}]}}]
                    },
                    {
                      "translate":"exp_guide1_temperature","color":"black","font":"minecraft:default"
                    },
                    {
                      "translate":"exp_guide1_habitable",
                      "color":"black",
                      "font":"minecraft:default",
                      "hoverEvent":{"action":"show_text","contents":{"translate":"exp_guide1_nomodule"}}},{"translate":"exp_guide1_accessibility","color":"black","font":"minecraft:default"
                    },
                    {
                      "translate":"exp_guide_item_display",
                      "color":"white",
                      "font":"expansion:default",
                      "with":[{"text":"\uff30","clickEvent":{"action":"change_page","value":"12"},"hoverEvent":{"action":"show_text","contents":[{"translate":"exp_vehicles_rocket_name"},{"translate":"exp_guide_click"}]}}]
                    },
                    {
                      "translate":"exp_guide_item_display",
                      "color":"white",
                      "font":"expansion:default",
                      "with":[{"text":"\uff32","clickEvent":{"action":"change_page","value":"12"},"hoverEvent":{"action":"show_text","contents":[{"translate":"exp_vehicles_spaceship_name"},{"translate":"exp_guide_click"}]}}]
                    }
                  ]
                },
                {
                  "raw": [
                    {
                      "translate":"exp_guide_picture_display","color":"white","font":"expansion:default","with":[{"text":"\ufa01"}]
                    },
                    {
                      "translate":"exp_guide1_mars","color":"black","font":"minecraft:default"
                    },
                    {
                      "translate":"exp_guide1_materials","color":"black","font":"minecraft:default"
                    },
                    {
                      "translate":"exp_guide_item_display","color":"white","font":"expansion:default","with":[{"text":"\uff95","hoverEvent":{"action":"show_text","contents":[{"translate":"exp_items_rawtitanium_name"},{"translate":"exp_guide1_ore"},{"translate":"exp_guide_item_display","color":"white","font":"expansion:default","with":[{"text":"\uff98"}]},{"translate":"exp_guide1_oredesc_titanium_mars"}]}}]
                    },
                    {
                      "translate":"exp_guide_item_display","color":"white","font":"expansion:default","with":[{"text":"\uff96","hoverEvent":{"action":"show_text","contents":[{"translate":"exp_items_cryonite_name"},{"translate":"exp_guide1_ore"},{"translate":"exp_guide_item_display","color":"white","font":"expansion:default","with":[{"text":"\uff99"}]},{"translate":"exp_guide1_oredesc_cryonite"}]}}]
                    },
                    {
                      "translate":"exp_guide1_temperature","color":"black","font":"minecraft:default"
                    },
                    {
                      "translate":"exp_guide1_habitable","color":"black","font":"minecraft:default","hoverEvent":{"action":"show_text","contents":{"translate":"exp_guide1_nomodule"}}
                    },
                    {
                      "translate":"exp_guide1_accessibility","color":"black","font":"minecraft:default"
                    },
                    {
                      "translate":"exp_guide_item_display","color":"white","font":"expansion:default","with":[{"text":"\uff32","clickEvent":{"action":"change_page","value":"12"},"hoverEvent":{"action":"show_text","contents":[{"translate":"exp_vehicles_spaceship_name"},{"translate":"exp_guide_click"}]}}]
                    }
                  ]
                },
                {
                  "raw": [
                    {
                      "translate":"exp_guide_picture_display","color":"white","font":"expansion:default","with":[{"text":"\ufa02"}]
                    },
                    {
                      "translate":"exp_guide1_venus","color":"black","font":"minecraft:default"
                    },
                    {
                      "translate":"exp_guide1_materials","color":"black","font":"minecraft:default"
                    },
                    {
                      "translate":"exp_guide_item_display","color":"white","font":"expansion:default","with":[{"text":"\uff97","hoverEvent":{"action":"show_text","contents":[{"translate":"exp_items_vulcanium_name"},{"translate":"exp_guide1_ore"},{"translate":"exp_guide_item_display","color":"white","font":"expansion:default","with":[{"text":"\ufb00"}]},{"translate":"exp_guide1_oredesc_vulcanium"}]}}]
                    },
                    {
                      "translate":"exp_guide1_temperature","color":"black","font":"minecraft:default"
                    },
                    {
                      "translate":"exp_guide1_scorching","color":"black","font":"minecraft:default","hoverEvent":{"action":"show_text","contents":{"translate":"exp_guide1_coolmodule"}}
                    },
                    {
                      "translate":"exp_guide1_accessibility","color":"black","font":"minecraft:default"
                    },
                    {
                      "translate":"exp_guide_item_display","color":"white","font":"expansion:default","with":[{"text":"\uff32","clickEvent":{"action":"change_page","value":"12"},"hoverEvent":{"action":"show_text","contents":[{"translate":"exp_vehicles_spaceship_name"},{"translate":"exp_guide_click"}]}}]
                    }
                  ]
                },
                {
                  "raw": [
                    {
                      "translate":"exp_guide_picture_display","color":"white","font":"expansion:default","with":[{"text":"\ufa03"}]
                    },
                    {
                      "translate":"exp_guide1_jupiter","color":"black","font":"minecraft:default"
                    },
                    {
                      "translate":"exp_guide1_materials","color":"black","font":"minecraft:default"
                    },
                    {
                      "translate":"exp_guide1_unknown","color":"black","font":"minecraft:default"
                    },
                    {
                      "translate":"exp_guide1_temperature","color":"black","font":"minecraft:default"
                    },
                    {
                      "translate":"exp_guide1_glacial",
                      "color":"black",
                      "font":"minecraft:default",
                      "hoverEvent":{
                        "action":"show_text",
                        "contents":{"translate":"exp_guide1_heatmodule"}
                        }
                      },
                    {"translate":"exp_guide1_accessibility","color":"black","font":"minecraft:default"},
                    {
                      "translate":"exp_guide_item_display",
                      "color":"white",
                      "font":"expansion:default",
                      "with":[
                        {
                          "text":"\uff32",
                          "clickEvent":{"action":"change_page","value":"12"},
                          "hoverEvent":{"action":"show_text","contents":[{"translate":"exp_vehicles_spaceship_name"},{"translate":"exp_guide_click"}]}
                        }
                      ]
                    }
                  ]
                },
                {
                  "raw": [
                    {
                      "translate":"exp_guide_picture_display","color":"white","font":"expansion:default","with":[{"text":"\ufa04"}]
                    },
                    {
                      "translate":"exp_guide1_europa","color":"black","font":"minecraft:default"
                    },
                    {
                      "translate":"exp_guide1_materials","color":"black","font":"minecraft:default"
                    },
                    {
                      "translate":"exp_guide1_unknown","color":"black","font":"minecraft:default"
                    },
                    {
                      "translate":"exp_guide1_temperature","color":"black","font":"minecraft:default"
                    },
                    {
                      "translate":"exp_guide1_glacial","color":"black","font":"minecraft:default",
                      "hoverEvent":{"action":"show_text","contents":{"translate":"exp_guide1_heatmodule"}}
                    },
                    {
                      "translate":"exp_guide1_accessibility","color":"black","font":"minecraft:default"
                    },
                    {
                      "translate":"exp_guide_item_display",
                      "color":"white",
                      "font":"expansion:default",
                      "with":[
                        {
                          "text":"\uff32",
                          "clickEvent":{"action":"change_page","value":"12"},
                          "hoverEvent":{"action":"show_text","contents":[{"translate":"exp_vehicles_spaceship_name"},{"translate":"exp_guide_click"}]}
                        }
                      ]
                    }
                  ]
                },
                {
                  "raw": [
                    {
                      "translate":"exp_guide_picture_display","color":"white","font":"expansion:default","with":[{"text":"\ufa05"}]
                    },
                    {
                      "translate":"exp_guide1_asteroids","color":"black","font":"minecraft:default"
                    },
                    {
                      "translate":"exp_guide1_materials","color":"black","font":"minecraft:default"
                    },
                    {
                      "translate":"exp_guide1_unknown","color":"black","font":"minecraft:default"
                    },
                    {
                      "translate":"exp_guide1_temperature","color":"black","font":"minecraft:default"
                    },
                    {
                      "translate":"exp_guide1_glacial",
                      "color":"black",
                      "font":"minecraft:default",
                      "hoverEvent":{"action":"show_text","contents":{"translate":"exp_guide1_heatmodule"}}
                    },
                    {
                      "translate":"exp_guide1_accessibility","color":"black","font":"minecraft:default"
                    },
                    {
                      "translate":"exp_guide_item_display",
                      "color":"white",
                      "font":"expansion:default",
                      "with":[
                        {
                          "text":"\uff32",
                          "clickEvent":{"action":"change_page","value":"12"},
                          "hoverEvent":{"action":"show_text","contents":[{"translate":"exp_vehicles_spaceship_name"},{"translate":"exp_guide_click"}]}
                        }
                      ]
                    }
                  ]
                }
              ]
            }
          ]
        }
      ]
    }
  ]
}