{
  "type": "minecraft:crafting_shaped",
  "category": "misc",
  "pattern": [
    "ICI",
    "BFB",
    "RRR"
  ],
  "key": {
    "I": "minecraft:copper_ingot",
    "C": "minecraft:coal",
    "B": "minecraft:iron_block",
    "R": "minecraft:brick",
    "F": "minecraft:blast_furnace"
  },
  "result": {
    "id": "minecraft:carrot_on_a_stick",
    "count": 1,
    "components": {
      "item_model": "expansion:blocks/arc_furnace",
      "minecraft:custom_name": "{\"translate\":\"exp_blocks_arcfurnace_name\",\"italic\": false}",
      "minecraft:max_stack_size": 64,
      "minecraft:unbreakable": {
        "show_in_tooltip": false
      },
      "minecraft:lore": ["{\"translate\": \"exp_lore_tooltips\"}","{\"translate\": \"exp_blocks_arcfurnace_tip1\"}"],
      "!minecraft:max_damage": {},
      "minecraft:custom_data": "{crafting_count:1,max_stack_size:64,expansion_coas:1b,exp_block:1b,arc_furnace:1b}"
    }
  }
}
